TRUNCATE TABLE `oc_banner`;

INSERT INTO `oc_banner` (`banner_id`, `name`, `status`) VALUES ('6', 'Left-Banner', '1');
INSERT INTO `oc_banner` (`banner_id`, `name`, `status`) VALUES ('7', 'Home Page Slideshow', '1');
INSERT INTO `oc_banner` (`banner_id`, `name`, `status`) VALUES ('8', 'Manufacturers', '1');


TRUNCATE TABLE `oc_banner_image`;

INSERT INTO `oc_banner_image` (`banner_image_id`, `banner_id`, `language_id`, `title`, `link`, `image`, `sort_order`) VALUES ('132', '8', '2', 'Canon', '#', 'catalog/demo/manufacturer/brand-logo-06.png', '6');
INSERT INTO `oc_banner_image` (`banner_image_id`, `banner_id`, `language_id`, `title`, `link`, `image`, `sort_order`) VALUES ('131', '8', '2', 'Burger King', '#', 'catalog/demo/manufacturer/brand-logo-05.png', '5');
INSERT INTO `oc_banner_image` (`banner_image_id`, `banner_id`, `language_id`, `title`, `link`, `image`, `sort_order`) VALUES ('130', '8', '2', 'Coca Cola', '#', 'catalog/demo/manufacturer/brand-logo-04.png', '4');
INSERT INTO `oc_banner_image` (`banner_image_id`, `banner_id`, `language_id`, `title`, `link`, `image`, `sort_order`) VALUES ('129', '8', '2', 'Sony', '#', 'catalog/demo/manufacturer/brand-logo-03.png', '3');
INSERT INTO `oc_banner_image` (`banner_image_id`, `banner_id`, `language_id`, `title`, `link`, `image`, `sort_order`) VALUES ('128', '8', '2', 'RedBull', '#', 'catalog/demo/manufacturer/brand-logo-02.png', '2');
INSERT INTO `oc_banner_image` (`banner_image_id`, `banner_id`, `language_id`, `title`, `link`, `image`, `sort_order`) VALUES ('127', '8', '2', 'NFL', '#', 'catalog/demo/manufacturer/brand-logo-01.png', '1');
INSERT INTO `oc_banner_image` (`banner_image_id`, `banner_id`, `language_id`, `title`, `link`, `image`, `sort_order`) VALUES ('126', '8', '1', 'Dell', '#', 'catalog/demo/manufacturer/brand-logo-08.png', '8');
INSERT INTO `oc_banner_image` (`banner_image_id`, `banner_id`, `language_id`, `title`, `link`, `image`, `sort_order`) VALUES ('216', '6', '2', 'Left-Banner', '#', 'catalog/demo/banners/left-banner.jpg', '1');
INSERT INTO `oc_banner_image` (`banner_image_id`, `banner_id`, `language_id`, `title`, `link`, `image`, `sort_order`) VALUES ('215', '6', '1', 'Left-Banner', '#', 'catalog/demo/banners/left-banner.jpg', '1');
INSERT INTO `oc_banner_image` (`banner_image_id`, `banner_id`, `language_id`, `title`, `link`, `image`, `sort_order`) VALUES ('125', '8', '1', 'Harley Davidson', '#', 'catalog/demo/manufacturer/brand-logo-07.png', '7');
INSERT INTO `oc_banner_image` (`banner_image_id`, `banner_id`, `language_id`, `title`, `link`, `image`, `sort_order`) VALUES ('124', '8', '1', 'Canon', '#', 'catalog/demo/manufacturer/brand-logo-06.png', '6');
INSERT INTO `oc_banner_image` (`banner_image_id`, `banner_id`, `language_id`, `title`, `link`, `image`, `sort_order`) VALUES ('123', '8', '1', 'Burger King', '#', 'catalog/demo/manufacturer/brand-logo-05.png', '5');
INSERT INTO `oc_banner_image` (`banner_image_id`, `banner_id`, `language_id`, `title`, `link`, `image`, `sort_order`) VALUES ('122', '8', '1', 'Coca Cola', '#', 'catalog/demo/manufacturer/brand-logo-04.png', '4');
INSERT INTO `oc_banner_image` (`banner_image_id`, `banner_id`, `language_id`, `title`, `link`, `image`, `sort_order`) VALUES ('121', '8', '1', 'Sony', '#', 'catalog/demo/manufacturer/brand-logo-03.png', '3');
INSERT INTO `oc_banner_image` (`banner_image_id`, `banner_id`, `language_id`, `title`, `link`, `image`, `sort_order`) VALUES ('120', '8', '1', 'RedBull', '#', 'catalog/demo/manufacturer/brand-logo-02.png', '2');
INSERT INTO `oc_banner_image` (`banner_image_id`, `banner_id`, `language_id`, `title`, `link`, `image`, `sort_order`) VALUES ('119', '8', '1', 'NFL', '#', 'catalog/demo/manufacturer/brand-logo-01.png', '1');
INSERT INTO `oc_banner_image` (`banner_image_id`, `banner_id`, `language_id`, `title`, `link`, `image`, `sort_order`) VALUES ('133', '8', '2', 'Harley Davidson', '#', 'catalog/demo/manufacturer/brand-logo-07.png', '7');
INSERT INTO `oc_banner_image` (`banner_image_id`, `banner_id`, `language_id`, `title`, `link`, `image`, `sort_order`) VALUES ('134', '8', '2', 'Dell', '#', 'catalog/demo/manufacturer/brand-logo-08.png', '8');
INSERT INTO `oc_banner_image` (`banner_image_id`, `banner_id`, `language_id`, `title`, `link`, `image`, `sort_order`) VALUES ('269', '7', '2', 'slider-03', '#', '', '3');
INSERT INTO `oc_banner_image` (`banner_image_id`, `banner_id`, `language_id`, `title`, `link`, `image`, `sort_order`) VALUES ('268', '7', '2', 'slider-02', '#', 'catalog/demo/banners/slider-02.jpg', '2');
INSERT INTO `oc_banner_image` (`banner_image_id`, `banner_id`, `language_id`, `title`, `link`, `image`, `sort_order`) VALUES ('267', '7', '2', 'slider-01', '#', 'catalog/demo/banners/slider-01.jpg', '1');
INSERT INTO `oc_banner_image` (`banner_image_id`, `banner_id`, `language_id`, `title`, `link`, `image`, `sort_order`) VALUES ('266', '7', '1', 'slider-02', '#', 'catalog/demo/banners/slider-02.jpg', '2');
INSERT INTO `oc_banner_image` (`banner_image_id`, `banner_id`, `language_id`, `title`, `link`, `image`, `sort_order`) VALUES ('265', '7', '1', 'slider-01', '#', 'catalog/demo/banners/slider-01.jpg', '1');


TRUNCATE TABLE `oc_category`;

INSERT INTO `oc_category` (`category_id`, `image`, `parent_id`, `top`, `column`, `sort_order`, `status`, `date_added`, `date_modified`) VALUES ('25', 'catalog/demo/banners/category-img-05.png', '0', '1', '1', '3', '1', '2009-01-31 01:04:25', '2018-11-17 10:12:51');
INSERT INTO `oc_category` (`category_id`, `image`, `parent_id`, `top`, `column`, `sort_order`, `status`, `date_added`, `date_modified`) VALUES ('27', 'catalog/demo/banners/category-img-09.png', '20', '0', '0', '2', '1', '2009-01-31 01:55:34', '2018-11-17 10:09:25');
INSERT INTO `oc_category` (`category_id`, `image`, `parent_id`, `top`, `column`, `sort_order`, `status`, `date_added`, `date_modified`) VALUES ('20', 'catalog/demo/banners/category-img-01.png', '0', '1', '4', '1', '1', '2009-01-05 21:49:43', '2018-11-17 10:05:23');
INSERT INTO `oc_category` (`category_id`, `image`, `parent_id`, `top`, `column`, `sort_order`, `status`, `date_added`, `date_modified`) VALUES ('61', '', '26', '0', '1', '0', '1', '2017-11-29 05:21:00', '2018-10-30 13:12:30');
INSERT INTO `oc_category` (`category_id`, `image`, `parent_id`, `top`, `column`, `sort_order`, `status`, `date_added`, `date_modified`) VALUES ('28', 'catalog/demo/banners/categorybanner.jpg', '25', '0', '0', '1', '1', '2009-02-02 13:11:12', '2018-11-17 10:13:07');
INSERT INTO `oc_category` (`category_id`, `image`, `parent_id`, `top`, `column`, `sort_order`, `status`, `date_added`, `date_modified`) VALUES ('26', 'catalog/demo/banners/category-img-04.png', '20', '0', '0', '1', '1', '2009-01-31 01:55:14', '2018-10-30 13:20:54');
INSERT INTO `oc_category` (`category_id`, `image`, `parent_id`, `top`, `column`, `sort_order`, `status`, `date_added`, `date_modified`) VALUES ('29', 'catalog/demo/banners/categorybanner.jpg', '25', '0', '0', '1', '1', '2009-02-02 13:11:37', '2018-11-17 10:12:12');
INSERT INTO `oc_category` (`category_id`, `image`, `parent_id`, `top`, `column`, `sort_order`, `status`, `date_added`, `date_modified`) VALUES ('30', 'catalog/demo/banners/categorybanner.jpg', '25', '0', '0', '1', '1', '2009-02-02 13:11:59', '2018-11-17 10:12:30');
INSERT INTO `oc_category` (`category_id`, `image`, `parent_id`, `top`, `column`, `sort_order`, `status`, `date_added`, `date_modified`) VALUES ('31', 'catalog/demo/banners/categorybanner.jpg', '25', '0', '0', '1', '1', '2009-02-03 14:17:24', '2018-11-17 10:11:24');
INSERT INTO `oc_category` (`category_id`, `image`, `parent_id`, `top`, `column`, `sort_order`, `status`, `date_added`, `date_modified`) VALUES ('75', 'catalog/demo/banners/categorybanner.jpg', '66', '0', '0', '0', '1', '2018-03-24 11:42:31', '2018-11-17 10:03:05');
INSERT INTO `oc_category` (`category_id`, `image`, `parent_id`, `top`, `column`, `sort_order`, `status`, `date_added`, `date_modified`) VALUES ('62', '', '27', '0', '0', '0', '1', '2017-11-29 05:21:55', '2018-11-17 10:09:11');
INSERT INTO `oc_category` (`category_id`, `image`, `parent_id`, `top`, `column`, `sort_order`, `status`, `date_added`, `date_modified`) VALUES ('35', '', '28', '0', '0', '0', '1', '2010-09-17 10:06:48', '2018-11-17 10:11:37');
INSERT INTO `oc_category` (`category_id`, `image`, `parent_id`, `top`, `column`, `sort_order`, `status`, `date_added`, `date_modified`) VALUES ('36', '', '28', '0', '0', '0', '1', '2010-09-17 10:07:13', '2010-09-18 14:02:55');
INSERT INTO `oc_category` (`category_id`, `image`, `parent_id`, `top`, `column`, `sort_order`, `status`, `date_added`, `date_modified`) VALUES ('64', '', '27', '0', '0', '0', '1', '2017-11-29 05:22:56', '2018-11-17 10:08:35');
INSERT INTO `oc_category` (`category_id`, `image`, `parent_id`, `top`, `column`, `sort_order`, `status`, `date_added`, `date_modified`) VALUES ('63', '', '27', '0', '0', '0', '1', '2017-11-29 05:22:28', '2018-11-17 10:08:49');
INSERT INTO `oc_category` (`category_id`, `image`, `parent_id`, `top`, `column`, `sort_order`, `status`, `date_added`, `date_modified`) VALUES ('60', '', '26', '0', '0', '0', '1', '2017-11-29 05:20:34', '2018-10-30 13:11:46');
INSERT INTO `oc_category` (`category_id`, `image`, `parent_id`, `top`, `column`, `sort_order`, `status`, `date_added`, `date_modified`) VALUES ('59', '', '26', '0', '0', '0', '1', '2017-11-29 05:19:44', '2018-10-30 13:12:09');
INSERT INTO `oc_category` (`category_id`, `image`, `parent_id`, `top`, `column`, `sort_order`, `status`, `date_added`, `date_modified`) VALUES ('65', 'catalog/demo/banners/category-img-06.png', '0', '1', '0', '4', '1', '2017-11-30 08:12:55', '2018-11-17 10:00:59');
INSERT INTO `oc_category` (`category_id`, `image`, `parent_id`, `top`, `column`, `sort_order`, `status`, `date_added`, `date_modified`) VALUES ('66', 'catalog/demo/banners/category-img-08.png', '0', '1', '1', '5', '1', '2018-01-29 10:44:17', '2018-11-17 10:02:44');
INSERT INTO `oc_category` (`category_id`, `image`, `parent_id`, `top`, `column`, `sort_order`, `status`, `date_added`, `date_modified`) VALUES ('94', '', '0', '1', '1', '15', '1', '2018-10-30 13:25:58', '2018-11-17 10:04:38');
INSERT INTO `oc_category` (`category_id`, `image`, `parent_id`, `top`, `column`, `sort_order`, `status`, `date_added`, `date_modified`) VALUES ('68', 'catalog/demo/banners/category-img-09.png', '0', '1', '1', '7', '1', '2018-02-26 04:46:14', '2018-11-17 10:03:37');
INSERT INTO `oc_category` (`category_id`, `image`, `parent_id`, `top`, `column`, `sort_order`, `status`, `date_added`, `date_modified`) VALUES ('69', 'catalog/demo/banners/categorybanner.jpg', '0', '1', '1', '8', '1', '2018-02-26 04:49:02', '2018-11-17 10:05:10');
INSERT INTO `oc_category` (`category_id`, `image`, `parent_id`, `top`, `column`, `sort_order`, `status`, `date_added`, `date_modified`) VALUES ('70', 'catalog/demo/banners/categorybanner.jpg', '0', '1', '0', '9', '1', '2018-03-21 09:49:09', '2018-11-17 10:01:41');
INSERT INTO `oc_category` (`category_id`, `image`, `parent_id`, `top`, `column`, `sort_order`, `status`, `date_added`, `date_modified`) VALUES ('72', 'catalog/demo/banners/categorybanner.jpg', '0', '1', '0', '11', '1', '2018-03-21 09:50:54', '2018-11-17 10:12:00');
INSERT INTO `oc_category` (`category_id`, `image`, `parent_id`, `top`, `column`, `sort_order`, `status`, `date_added`, `date_modified`) VALUES ('76', 'catalog/demo/banners/categorybanner.jpg', '66', '0', '0', '0', '1', '2018-03-24 11:44:09', '2018-11-17 10:03:18');
INSERT INTO `oc_category` (`category_id`, `image`, `parent_id`, `top`, `column`, `sort_order`, `status`, `date_added`, `date_modified`) VALUES ('77', 'catalog/demo/banners/categorybanner.jpg', '70', '0', '0', '0', '1', '2018-03-24 11:45:20', '2018-11-17 10:01:53');
INSERT INTO `oc_category` (`category_id`, `image`, `parent_id`, `top`, `column`, `sort_order`, `status`, `date_added`, `date_modified`) VALUES ('78', 'catalog/demo/banners/categorybanner.jpg', '70', '0', '1', '0', '1', '2018-03-24 11:46:34', '2018-11-17 10:02:30');
INSERT INTO `oc_category` (`category_id`, `image`, `parent_id`, `top`, `column`, `sort_order`, `status`, `date_added`, `date_modified`) VALUES ('79', 'catalog/demo/banners/categorybanner.jpg', '68', '0', '0', '0', '1', '2018-03-24 11:47:11', '2018-11-17 10:04:21');
INSERT INTO `oc_category` (`category_id`, `image`, `parent_id`, `top`, `column`, `sort_order`, `status`, `date_added`, `date_modified`) VALUES ('80', 'catalog/demo/banners/categorybanner.jpg', '68', '0', '1', '0', '1', '2018-03-24 11:47:41', '2018-11-17 10:04:11');
INSERT INTO `oc_category` (`category_id`, `image`, `parent_id`, `top`, `column`, `sort_order`, `status`, `date_added`, `date_modified`) VALUES ('81', 'catalog/demo/banners/categorybanner.jpg', '65', '0', '0', '0', '1', '2018-03-24 11:48:41', '2018-11-17 10:02:08');
INSERT INTO `oc_category` (`category_id`, `image`, `parent_id`, `top`, `column`, `sort_order`, `status`, `date_added`, `date_modified`) VALUES ('82', 'catalog/demo/banners/categorybanner.jpg', '65', '0', '0', '0', '1', '2018-03-24 11:49:15', '2018-11-17 10:01:12');
INSERT INTO `oc_category` (`category_id`, `image`, `parent_id`, `top`, `column`, `sort_order`, `status`, `date_added`, `date_modified`) VALUES ('84', 'catalog/demo/banners/categorybanner.jpg', '0', '1', '0', '14', '1', '2018-06-01 06:06:50', '2018-11-17 10:05:00');
INSERT INTO `oc_category` (`category_id`, `image`, `parent_id`, `top`, `column`, `sort_order`, `status`, `date_added`, `date_modified`) VALUES ('85', 'catalog/demo/banners/category-img-03.jpg', '20', '0', '1', '0', '1', '2018-10-22 12:07:20', '2018-11-17 10:09:48');
INSERT INTO `oc_category` (`category_id`, `image`, `parent_id`, `top`, `column`, `sort_order`, `status`, `date_added`, `date_modified`) VALUES ('86', '', '85', '0', '1', '0', '1', '2018-10-22 12:08:21', '2018-11-17 10:10:24');
INSERT INTO `oc_category` (`category_id`, `image`, `parent_id`, `top`, `column`, `sort_order`, `status`, `date_added`, `date_modified`) VALUES ('87', '', '85', '0', '1', '0', '1', '2018-10-22 12:08:50', '2018-10-30 13:04:38');
INSERT INTO `oc_category` (`category_id`, `image`, `parent_id`, `top`, `column`, `sort_order`, `status`, `date_added`, `date_modified`) VALUES ('88', '', '85', '0', '1', '0', '1', '2018-10-22 12:09:16', '2018-11-17 10:10:11');
INSERT INTO `oc_category` (`category_id`, `image`, `parent_id`, `top`, `column`, `sort_order`, `status`, `date_added`, `date_modified`) VALUES ('89', 'catalog/demo/banners/category-img-02.png', '20', '0', '1', '0', '1', '2018-10-22 12:09:41', '2018-11-17 10:05:59');
INSERT INTO `oc_category` (`category_id`, `image`, `parent_id`, `top`, `column`, `sort_order`, `status`, `date_added`, `date_modified`) VALUES ('90', '', '89', '0', '1', '0', '1', '2018-10-22 12:10:11', '2018-11-17 10:05:44');
INSERT INTO `oc_category` (`category_id`, `image`, `parent_id`, `top`, `column`, `sort_order`, `status`, `date_added`, `date_modified`) VALUES ('91', '', '89', '0', '1', '0', '1', '2018-10-22 12:10:36', '2018-11-17 10:06:15');
INSERT INTO `oc_category` (`category_id`, `image`, `parent_id`, `top`, `column`, `sort_order`, `status`, `date_added`, `date_modified`) VALUES ('92', '', '89', '0', '1', '0', '1', '2018-10-22 12:11:12', '2018-11-17 10:06:28');


TRUNCATE TABLE `oc_category_description`;

INSERT INTO `oc_category_description` (`category_id`, `language_id`, `name`, `description`, `meta_title`, `meta_description`, `meta_keyword`) VALUES ('28', '2', 'Fondue', '', 'Fondue', '', '');
INSERT INTO `oc_category_description` (`category_id`, `language_id`, `name`, `description`, `meta_title`, `meta_description`, `meta_keyword`) VALUES ('75', '2', 'Tater Tot', '', 'Tater Tot', '', '');
INSERT INTO `oc_category_description` (`category_id`, `language_id`, `name`, `description`, `meta_title`, `meta_description`, `meta_keyword`) VALUES ('31', '1', 'Mochi', '', 'Mochi', '', '');
INSERT INTO `oc_category_description` (`category_id`, `language_id`, `name`, `description`, `meta_title`, `meta_description`, `meta_keyword`) VALUES ('30', '1', 'Pepper', '', 'Pepper', '', '');
INSERT INTO `oc_category_description` (`category_id`, `language_id`, `name`, `description`, `meta_title`, `meta_description`, `meta_keyword`) VALUES ('60', '1', 'milk', '', 'milk', '', '');
INSERT INTO `oc_category_description` (`category_id`, `language_id`, `name`, `description`, `meta_title`, `meta_description`, `meta_keyword`) VALUES ('61', '2', 'olives', '', 'olives', '', '');
INSERT INTO `oc_category_description` (`category_id`, `language_id`, `name`, `description`, `meta_title`, `meta_description`, `meta_keyword`) VALUES ('35', '1', 'Muffin', '', 'Muffin', '', '');
INSERT INTO `oc_category_description` (`category_id`, `language_id`, `name`, `description`, `meta_title`, `meta_description`, `meta_keyword`) VALUES ('36', '1', 'test 2', '', 'test 2', '', '');
INSERT INTO `oc_category_description` (`category_id`, `language_id`, `name`, `description`, `meta_title`, `meta_description`, `meta_keyword`) VALUES ('59', '2', 'butter', '', 'butter', '', '');
INSERT INTO `oc_category_description` (`category_id`, `language_id`, `name`, `description`, `meta_title`, `meta_description`, `meta_keyword`) VALUES ('28', '1', 'Fondue', '', 'Fondue', '', '');
INSERT INTO `oc_category_description` (`category_id`, `language_id`, `name`, `description`, `meta_title`, `meta_description`, `meta_keyword`) VALUES ('31', '2', 'Mochi', '', 'Mochi', '', '');
INSERT INTO `oc_category_description` (`category_id`, `language_id`, `name`, `description`, `meta_title`, `meta_description`, `meta_keyword`) VALUES ('30', '2', 'Pepper', '', 'Pepper', '', '');
INSERT INTO `oc_category_description` (`category_id`, `language_id`, `name`, `description`, `meta_title`, `meta_description`, `meta_keyword`) VALUES ('60', '2', 'milk', '', 'milk', '', '');
INSERT INTO `oc_category_description` (`category_id`, `language_id`, `name`, `description`, `meta_title`, `meta_description`, `meta_keyword`) VALUES ('61', '1', 'olives', '', 'olives', '', '');
INSERT INTO `oc_category_description` (`category_id`, `language_id`, `name`, `description`, `meta_title`, `meta_description`, `meta_keyword`) VALUES ('36', '2', 'test 2', '', 'test 2', '', '');
INSERT INTO `oc_category_description` (`category_id`, `language_id`, `name`, `description`, `meta_title`, `meta_description`, `meta_keyword`) VALUES ('62', '1', 'Nutella', '', 'Nutella', '', '');
INSERT INTO `oc_category_description` (`category_id`, `language_id`, `name`, `description`, `meta_title`, `meta_description`, `meta_keyword`) VALUES ('63', '1', 'Butter(s)', '', 'Butter(s)', '', '');
INSERT INTO `oc_category_description` (`category_id`, `language_id`, `name`, `description`, `meta_title`, `meta_description`, `meta_keyword`) VALUES ('64', '1', ' Jelly', '', ' Jelly', '', '');
INSERT INTO `oc_category_description` (`category_id`, `language_id`, `name`, `description`, `meta_title`, `meta_description`, `meta_keyword`) VALUES ('59', '1', 'butter', '', 'butter', '', '');
INSERT INTO `oc_category_description` (`category_id`, `language_id`, `name`, `description`, `meta_title`, `meta_description`, `meta_keyword`) VALUES ('70', '1', 'Coconut', '', 'Coconut', '', '');
INSERT INTO `oc_category_description` (`category_id`, `language_id`, `name`, `description`, `meta_title`, `meta_description`, `meta_keyword`) VALUES ('79', '2', 'Cocoa', '', 'Cocoa', '', '');
INSERT INTO `oc_category_description` (`category_id`, `language_id`, `name`, `description`, `meta_title`, `meta_description`, `meta_keyword`) VALUES ('81', '2', 'Kale', '', 'Kale', '', '');
INSERT INTO `oc_category_description` (`category_id`, `language_id`, `name`, `description`, `meta_title`, `meta_description`, `meta_keyword`) VALUES ('82', '2', 'Meatloaf', '', 'Meatloaf', '', '');
INSERT INTO `oc_category_description` (`category_id`, `language_id`, `name`, `description`, `meta_title`, `meta_description`, `meta_keyword`) VALUES ('27', '1', 'Pumpkin', '', 'Pumpkin', '', '');
INSERT INTO `oc_category_description` (`category_id`, `language_id`, `name`, `description`, `meta_title`, `meta_description`, `meta_keyword`) VALUES ('69', '2', 'Pickles', '', 'Pickles', '', '');
INSERT INTO `oc_category_description` (`category_id`, `language_id`, `name`, `description`, `meta_title`, `meta_description`, `meta_keyword`) VALUES ('66', '1', 'Marshmallow', '', 'Marshmallow', '', '');
INSERT INTO `oc_category_description` (`category_id`, `language_id`, `name`, `description`, `meta_title`, `meta_description`, `meta_keyword`) VALUES ('65', '1', 'Porkchop', '', 'Porkchop', '', '');
INSERT INTO `oc_category_description` (`category_id`, `language_id`, `name`, `description`, `meta_title`, `meta_description`, `meta_keyword`) VALUES ('68', '1', 'Peanut', '', 'Peanut', '', '');
INSERT INTO `oc_category_description` (`category_id`, `language_id`, `name`, `description`, `meta_title`, `meta_description`, `meta_keyword`) VALUES ('79', '1', 'Cocoa', '', 'Cocoa', '', '');
INSERT INTO `oc_category_description` (`category_id`, `language_id`, `name`, `description`, `meta_title`, `meta_description`, `meta_keyword`) VALUES ('77', '1', 'Beans', '', 'Beans', '', '');
INSERT INTO `oc_category_description` (`category_id`, `language_id`, `name`, `description`, `meta_title`, `meta_description`, `meta_keyword`) VALUES ('78', '1', 'Burrito', '', 'Burrito', '', '');
INSERT INTO `oc_category_description` (`category_id`, `language_id`, `name`, `description`, `meta_title`, `meta_description`, `meta_keyword`) VALUES ('75', '1', 'Tater Tot', '', 'Tater Tot', '', '');
INSERT INTO `oc_category_description` (`category_id`, `language_id`, `name`, `description`, `meta_title`, `meta_description`, `meta_keyword`) VALUES ('82', '1', 'Meatloaf', '', 'Meatloaf', '', '');
INSERT INTO `oc_category_description` (`category_id`, `language_id`, `name`, `description`, `meta_title`, `meta_description`, `meta_keyword`) VALUES ('81', '1', 'Kale', '', 'Kale', '', '');
INSERT INTO `oc_category_description` (`category_id`, `language_id`, `name`, `description`, `meta_title`, `meta_description`, `meta_keyword`) VALUES ('84', '2', 'Almond', '', 'Almond', '', '');
INSERT INTO `oc_category_description` (`category_id`, `language_id`, `name`, `description`, `meta_title`, `meta_description`, `meta_keyword`) VALUES ('70', '2', 'Coconut', '', 'Coconut', '', '');
INSERT INTO `oc_category_description` (`category_id`, `language_id`, `name`, `description`, `meta_title`, `meta_description`, `meta_keyword`) VALUES ('20', '1', 'Meatball', '&lt;p&gt;\r\n\tExample of category description text&lt;/p&gt;\r\n\r\n&lt;p&gt;This category includes all the basics of your wardrobe and much more:&lt;br&gt;\r\n shoes, accessories, printed t-shirts, feminine dresses, women\'s jeans!&lt;/p&gt;', 'Meatball', 'Example of category description', '');
INSERT INTO `oc_category_description` (`category_id`, `language_id`, `name`, `description`, `meta_title`, `meta_description`, `meta_keyword`) VALUES ('27', '2', 'Pumpkin', '', 'Pumpkin', '', '');
INSERT INTO `oc_category_description` (`category_id`, `language_id`, `name`, `description`, `meta_title`, `meta_description`, `meta_keyword`) VALUES ('85', '1', 'Pudding', '', 'Pudding', '', '');
INSERT INTO `oc_category_description` (`category_id`, `language_id`, `name`, `description`, `meta_title`, `meta_description`, `meta_keyword`) VALUES ('86', '1', 'Nutella', '', 'Nutella', '', '');
INSERT INTO `oc_category_description` (`category_id`, `language_id`, `name`, `description`, `meta_title`, `meta_description`, `meta_keyword`) VALUES ('87', '1', 'waffles', '', 'waffles', '', '');
INSERT INTO `oc_category_description` (`category_id`, `language_id`, `name`, `description`, `meta_title`, `meta_description`, `meta_keyword`) VALUES ('88', '2', 'Peaches', '', 'Peaches', '', '');
INSERT INTO `oc_category_description` (`category_id`, `language_id`, `name`, `description`, `meta_title`, `meta_description`, `meta_keyword`) VALUES ('89', '1', 'Cupcake', '', 'Cupcake', '', '');
INSERT INTO `oc_category_description` (`category_id`, `language_id`, `name`, `description`, `meta_title`, `meta_description`, `meta_keyword`) VALUES ('90', '1', 'Biscuit', '', 'Biscuit', '', '');
INSERT INTO `oc_category_description` (`category_id`, `language_id`, `name`, `description`, `meta_title`, `meta_description`, `meta_keyword`) VALUES ('91', '1', 'Milkshake', '', 'Milkshake', '', '');
INSERT INTO `oc_category_description` (`category_id`, `language_id`, `name`, `description`, `meta_title`, `meta_description`, `meta_keyword`) VALUES ('92', '1', 'Oreo', '', 'Oreo', '', '');
INSERT INTO `oc_category_description` (`category_id`, `language_id`, `name`, `description`, `meta_title`, `meta_description`, `meta_keyword`) VALUES ('25', '1', 'Meatball', '', 'Meatball', '', '');
INSERT INTO `oc_category_description` (`category_id`, `language_id`, `name`, `description`, `meta_title`, `meta_description`, `meta_keyword`) VALUES ('68', '2', 'Peanut', '', 'Peanut', '', '');
INSERT INTO `oc_category_description` (`category_id`, `language_id`, `name`, `description`, `meta_title`, `meta_description`, `meta_keyword`) VALUES ('69', '1', 'Pickles', '', 'Pickles', '', '');
INSERT INTO `oc_category_description` (`category_id`, `language_id`, `name`, `description`, `meta_title`, `meta_description`, `meta_keyword`) VALUES ('94', '1', 'Brownie', '', 'Brownie', '', '');
INSERT INTO `oc_category_description` (`category_id`, `language_id`, `name`, `description`, `meta_title`, `meta_description`, `meta_keyword`) VALUES ('80', '2', 'Cashew', '', 'Cashew', '', '');
INSERT INTO `oc_category_description` (`category_id`, `language_id`, `name`, `description`, `meta_title`, `meta_description`, `meta_keyword`) VALUES ('76', '2', 'Pancake', '', 'Pancake', '', '');
INSERT INTO `oc_category_description` (`category_id`, `language_id`, `name`, `description`, `meta_title`, `meta_description`, `meta_keyword`) VALUES ('20', '2', 'Meatball', '&lt;p&gt;\r\n\tExample of category description text&lt;/p&gt;\r\n\r\n&lt;p&gt;This category includes all the basics of your wardrobe and much more:&lt;br&gt;\r\n shoes, accessories, printed t-shirts, feminine dresses, women\'s jeans!&lt;/p&gt;', 'Meatball', 'Example of category description', '');
INSERT INTO `oc_category_description` (`category_id`, `language_id`, `name`, `description`, `meta_title`, `meta_description`, `meta_keyword`) VALUES ('84', '1', 'Almond', '', 'Almond', '', '');
INSERT INTO `oc_category_description` (`category_id`, `language_id`, `name`, `description`, `meta_title`, `meta_description`, `meta_keyword`) VALUES ('25', '2', 'Meatball', '', 'Meatball', '', '');
INSERT INTO `oc_category_description` (`category_id`, `language_id`, `name`, `description`, `meta_title`, `meta_description`, `meta_keyword`) VALUES ('80', '1', 'Cashew', '', 'Cashew', '', '');
INSERT INTO `oc_category_description` (`category_id`, `language_id`, `name`, `description`, `meta_title`, `meta_description`, `meta_keyword`) VALUES ('89', '2', 'Cupcake', '', 'Cupcake', '', '');
INSERT INTO `oc_category_description` (`category_id`, `language_id`, `name`, `description`, `meta_title`, `meta_description`, `meta_keyword`) VALUES ('85', '2', 'Pudding', '', 'Pudding', '', '');
INSERT INTO `oc_category_description` (`category_id`, `language_id`, `name`, `description`, `meta_title`, `meta_description`, `meta_keyword`) VALUES ('72', '1', 'Snickerdoodle', '', 'Snickerdoodle', '', '');
INSERT INTO `oc_category_description` (`category_id`, `language_id`, `name`, `description`, `meta_title`, `meta_description`, `meta_keyword`) VALUES ('26', '2', 'Pickals', '', 'Pickals', '', '');
INSERT INTO `oc_category_description` (`category_id`, `language_id`, `name`, `description`, `meta_title`, `meta_description`, `meta_keyword`) VALUES ('26', '1', 'Pickals', '', 'Pickals', '', '');
INSERT INTO `oc_category_description` (`category_id`, `language_id`, `name`, `description`, `meta_title`, `meta_description`, `meta_keyword`) VALUES ('65', '2', 'Porkchop', '', 'Porkchop', '', '');
INSERT INTO `oc_category_description` (`category_id`, `language_id`, `name`, `description`, `meta_title`, `meta_description`, `meta_keyword`) VALUES ('66', '2', 'Marshmallow', '', 'Marshmallow', '', '');
INSERT INTO `oc_category_description` (`category_id`, `language_id`, `name`, `description`, `meta_title`, `meta_description`, `meta_keyword`) VALUES ('76', '1', 'Pancake', '', 'Pancake', '', '');
INSERT INTO `oc_category_description` (`category_id`, `language_id`, `name`, `description`, `meta_title`, `meta_description`, `meta_keyword`) VALUES ('88', '1', 'Peaches', '', 'Peaches', '', '');
INSERT INTO `oc_category_description` (`category_id`, `language_id`, `name`, `description`, `meta_title`, `meta_description`, `meta_keyword`) VALUES ('87', '2', 'waffles', '', 'waffles', '', '');
INSERT INTO `oc_category_description` (`category_id`, `language_id`, `name`, `description`, `meta_title`, `meta_description`, `meta_keyword`) VALUES ('29', '1', ' Meringue', '', ' Meringue', '', '');
INSERT INTO `oc_category_description` (`category_id`, `language_id`, `name`, `description`, `meta_title`, `meta_description`, `meta_keyword`) VALUES ('77', '2', 'Beans', '', 'Beans', '', '');
INSERT INTO `oc_category_description` (`category_id`, `language_id`, `name`, `description`, `meta_title`, `meta_description`, `meta_keyword`) VALUES ('78', '2', 'Burrito', '', 'Burrito', '', '');
INSERT INTO `oc_category_description` (`category_id`, `language_id`, `name`, `description`, `meta_title`, `meta_description`, `meta_keyword`) VALUES ('94', '2', 'Brownie', '', 'Brownie', '', '');
INSERT INTO `oc_category_description` (`category_id`, `language_id`, `name`, `description`, `meta_title`, `meta_description`, `meta_keyword`) VALUES ('90', '2', 'Biscuit', '', 'Biscuit', '', '');
INSERT INTO `oc_category_description` (`category_id`, `language_id`, `name`, `description`, `meta_title`, `meta_description`, `meta_keyword`) VALUES ('91', '2', 'Milkshake', '', 'Milkshake', '', '');
INSERT INTO `oc_category_description` (`category_id`, `language_id`, `name`, `description`, `meta_title`, `meta_description`, `meta_keyword`) VALUES ('92', '2', 'Oreo', '', 'Oreo', '', '');
INSERT INTO `oc_category_description` (`category_id`, `language_id`, `name`, `description`, `meta_title`, `meta_description`, `meta_keyword`) VALUES ('64', '2', ' Jelly', '', ' Jelly', '', '');
INSERT INTO `oc_category_description` (`category_id`, `language_id`, `name`, `description`, `meta_title`, `meta_description`, `meta_keyword`) VALUES ('63', '2', 'Butter(s)', '', 'Butter(s)', '', '');
INSERT INTO `oc_category_description` (`category_id`, `language_id`, `name`, `description`, `meta_title`, `meta_description`, `meta_keyword`) VALUES ('62', '2', 'Nutella', '', 'Nutella', '', '');
INSERT INTO `oc_category_description` (`category_id`, `language_id`, `name`, `description`, `meta_title`, `meta_description`, `meta_keyword`) VALUES ('86', '2', 'Nutella', '', 'Nutella', '', '');
INSERT INTO `oc_category_description` (`category_id`, `language_id`, `name`, `description`, `meta_title`, `meta_description`, `meta_keyword`) VALUES ('35', '2', 'Muffin', '', 'Muffin', '', '');
INSERT INTO `oc_category_description` (`category_id`, `language_id`, `name`, `description`, `meta_title`, `meta_description`, `meta_keyword`) VALUES ('72', '2', 'Snickerdoodle', '', 'Snickerdoodle', '', '');
INSERT INTO `oc_category_description` (`category_id`, `language_id`, `name`, `description`, `meta_title`, `meta_description`, `meta_keyword`) VALUES ('29', '2', ' Meringue', '', ' Meringue', '', '');


TRUNCATE TABLE `oc_category_filter`;

INSERT INTO `oc_category_filter` (`category_id`, `filter_id`) VALUES ('20', '1');
INSERT INTO `oc_category_filter` (`category_id`, `filter_id`) VALUES ('20', '2');
INSERT INTO `oc_category_filter` (`category_id`, `filter_id`) VALUES ('20', '3');
INSERT INTO `oc_category_filter` (`category_id`, `filter_id`) VALUES ('20', '4');
INSERT INTO `oc_category_filter` (`category_id`, `filter_id`) VALUES ('20', '5');
INSERT INTO `oc_category_filter` (`category_id`, `filter_id`) VALUES ('20', '6');
INSERT INTO `oc_category_filter` (`category_id`, `filter_id`) VALUES ('20', '7');
INSERT INTO `oc_category_filter` (`category_id`, `filter_id`) VALUES ('20', '8');
INSERT INTO `oc_category_filter` (`category_id`, `filter_id`) VALUES ('20', '9');


TRUNCATE TABLE `oc_category_path`;

INSERT INTO `oc_category_path` (`category_id`, `path_id`, `level`) VALUES ('25', '25', '0');
INSERT INTO `oc_category_path` (`category_id`, `path_id`, `level`) VALUES ('28', '25', '0');
INSERT INTO `oc_category_path` (`category_id`, `path_id`, `level`) VALUES ('28', '28', '1');
INSERT INTO `oc_category_path` (`category_id`, `path_id`, `level`) VALUES ('35', '25', '0');
INSERT INTO `oc_category_path` (`category_id`, `path_id`, `level`) VALUES ('35', '28', '1');
INSERT INTO `oc_category_path` (`category_id`, `path_id`, `level`) VALUES ('35', '35', '2');
INSERT INTO `oc_category_path` (`category_id`, `path_id`, `level`) VALUES ('36', '25', '0');
INSERT INTO `oc_category_path` (`category_id`, `path_id`, `level`) VALUES ('36', '28', '1');
INSERT INTO `oc_category_path` (`category_id`, `path_id`, `level`) VALUES ('36', '36', '2');
INSERT INTO `oc_category_path` (`category_id`, `path_id`, `level`) VALUES ('29', '25', '0');
INSERT INTO `oc_category_path` (`category_id`, `path_id`, `level`) VALUES ('29', '29', '1');
INSERT INTO `oc_category_path` (`category_id`, `path_id`, `level`) VALUES ('30', '25', '0');
INSERT INTO `oc_category_path` (`category_id`, `path_id`, `level`) VALUES ('30', '30', '1');
INSERT INTO `oc_category_path` (`category_id`, `path_id`, `level`) VALUES ('31', '25', '0');
INSERT INTO `oc_category_path` (`category_id`, `path_id`, `level`) VALUES ('31', '31', '1');
INSERT INTO `oc_category_path` (`category_id`, `path_id`, `level`) VALUES ('75', '75', '1');
INSERT INTO `oc_category_path` (`category_id`, `path_id`, `level`) VALUES ('75', '66', '0');
INSERT INTO `oc_category_path` (`category_id`, `path_id`, `level`) VALUES ('20', '20', '0');
INSERT INTO `oc_category_path` (`category_id`, `path_id`, `level`) VALUES ('27', '20', '0');
INSERT INTO `oc_category_path` (`category_id`, `path_id`, `level`) VALUES ('27', '27', '1');
INSERT INTO `oc_category_path` (`category_id`, `path_id`, `level`) VALUES ('26', '20', '0');
INSERT INTO `oc_category_path` (`category_id`, `path_id`, `level`) VALUES ('26', '26', '1');
INSERT INTO `oc_category_path` (`category_id`, `path_id`, `level`) VALUES ('59', '59', '2');
INSERT INTO `oc_category_path` (`category_id`, `path_id`, `level`) VALUES ('59', '26', '1');
INSERT INTO `oc_category_path` (`category_id`, `path_id`, `level`) VALUES ('64', '64', '2');
INSERT INTO `oc_category_path` (`category_id`, `path_id`, `level`) VALUES ('64', '27', '1');
INSERT INTO `oc_category_path` (`category_id`, `path_id`, `level`) VALUES ('64', '20', '0');
INSERT INTO `oc_category_path` (`category_id`, `path_id`, `level`) VALUES ('63', '63', '2');
INSERT INTO `oc_category_path` (`category_id`, `path_id`, `level`) VALUES ('63', '27', '1');
INSERT INTO `oc_category_path` (`category_id`, `path_id`, `level`) VALUES ('63', '20', '0');
INSERT INTO `oc_category_path` (`category_id`, `path_id`, `level`) VALUES ('62', '62', '2');
INSERT INTO `oc_category_path` (`category_id`, `path_id`, `level`) VALUES ('62', '27', '1');
INSERT INTO `oc_category_path` (`category_id`, `path_id`, `level`) VALUES ('61', '61', '2');
INSERT INTO `oc_category_path` (`category_id`, `path_id`, `level`) VALUES ('61', '26', '1');
INSERT INTO `oc_category_path` (`category_id`, `path_id`, `level`) VALUES ('61', '20', '0');
INSERT INTO `oc_category_path` (`category_id`, `path_id`, `level`) VALUES ('62', '20', '0');
INSERT INTO `oc_category_path` (`category_id`, `path_id`, `level`) VALUES ('60', '60', '2');
INSERT INTO `oc_category_path` (`category_id`, `path_id`, `level`) VALUES ('60', '20', '0');
INSERT INTO `oc_category_path` (`category_id`, `path_id`, `level`) VALUES ('60', '26', '1');
INSERT INTO `oc_category_path` (`category_id`, `path_id`, `level`) VALUES ('59', '20', '0');
INSERT INTO `oc_category_path` (`category_id`, `path_id`, `level`) VALUES ('65', '65', '0');
INSERT INTO `oc_category_path` (`category_id`, `path_id`, `level`) VALUES ('66', '66', '0');
INSERT INTO `oc_category_path` (`category_id`, `path_id`, `level`) VALUES ('68', '68', '0');
INSERT INTO `oc_category_path` (`category_id`, `path_id`, `level`) VALUES ('69', '69', '0');
INSERT INTO `oc_category_path` (`category_id`, `path_id`, `level`) VALUES ('70', '70', '0');
INSERT INTO `oc_category_path` (`category_id`, `path_id`, `level`) VALUES ('94', '94', '0');
INSERT INTO `oc_category_path` (`category_id`, `path_id`, `level`) VALUES ('72', '72', '0');
INSERT INTO `oc_category_path` (`category_id`, `path_id`, `level`) VALUES ('76', '66', '0');
INSERT INTO `oc_category_path` (`category_id`, `path_id`, `level`) VALUES ('76', '76', '1');
INSERT INTO `oc_category_path` (`category_id`, `path_id`, `level`) VALUES ('77', '70', '0');
INSERT INTO `oc_category_path` (`category_id`, `path_id`, `level`) VALUES ('77', '77', '1');
INSERT INTO `oc_category_path` (`category_id`, `path_id`, `level`) VALUES ('78', '70', '0');
INSERT INTO `oc_category_path` (`category_id`, `path_id`, `level`) VALUES ('78', '78', '1');
INSERT INTO `oc_category_path` (`category_id`, `path_id`, `level`) VALUES ('79', '68', '0');
INSERT INTO `oc_category_path` (`category_id`, `path_id`, `level`) VALUES ('79', '79', '1');
INSERT INTO `oc_category_path` (`category_id`, `path_id`, `level`) VALUES ('80', '68', '0');
INSERT INTO `oc_category_path` (`category_id`, `path_id`, `level`) VALUES ('80', '80', '1');
INSERT INTO `oc_category_path` (`category_id`, `path_id`, `level`) VALUES ('81', '65', '0');
INSERT INTO `oc_category_path` (`category_id`, `path_id`, `level`) VALUES ('81', '81', '1');
INSERT INTO `oc_category_path` (`category_id`, `path_id`, `level`) VALUES ('82', '65', '0');
INSERT INTO `oc_category_path` (`category_id`, `path_id`, `level`) VALUES ('82', '82', '1');
INSERT INTO `oc_category_path` (`category_id`, `path_id`, `level`) VALUES ('84', '84', '0');
INSERT INTO `oc_category_path` (`category_id`, `path_id`, `level`) VALUES ('85', '20', '0');
INSERT INTO `oc_category_path` (`category_id`, `path_id`, `level`) VALUES ('85', '85', '1');
INSERT INTO `oc_category_path` (`category_id`, `path_id`, `level`) VALUES ('86', '20', '0');
INSERT INTO `oc_category_path` (`category_id`, `path_id`, `level`) VALUES ('86', '85', '1');
INSERT INTO `oc_category_path` (`category_id`, `path_id`, `level`) VALUES ('86', '86', '2');
INSERT INTO `oc_category_path` (`category_id`, `path_id`, `level`) VALUES ('87', '85', '1');
INSERT INTO `oc_category_path` (`category_id`, `path_id`, `level`) VALUES ('87', '20', '0');
INSERT INTO `oc_category_path` (`category_id`, `path_id`, `level`) VALUES ('87', '87', '2');
INSERT INTO `oc_category_path` (`category_id`, `path_id`, `level`) VALUES ('88', '20', '0');
INSERT INTO `oc_category_path` (`category_id`, `path_id`, `level`) VALUES ('88', '85', '1');
INSERT INTO `oc_category_path` (`category_id`, `path_id`, `level`) VALUES ('88', '88', '2');
INSERT INTO `oc_category_path` (`category_id`, `path_id`, `level`) VALUES ('89', '20', '0');
INSERT INTO `oc_category_path` (`category_id`, `path_id`, `level`) VALUES ('89', '89', '1');
INSERT INTO `oc_category_path` (`category_id`, `path_id`, `level`) VALUES ('90', '20', '0');
INSERT INTO `oc_category_path` (`category_id`, `path_id`, `level`) VALUES ('90', '89', '1');
INSERT INTO `oc_category_path` (`category_id`, `path_id`, `level`) VALUES ('90', '90', '2');
INSERT INTO `oc_category_path` (`category_id`, `path_id`, `level`) VALUES ('91', '20', '0');
INSERT INTO `oc_category_path` (`category_id`, `path_id`, `level`) VALUES ('91', '89', '1');
INSERT INTO `oc_category_path` (`category_id`, `path_id`, `level`) VALUES ('91', '91', '2');
INSERT INTO `oc_category_path` (`category_id`, `path_id`, `level`) VALUES ('92', '20', '0');
INSERT INTO `oc_category_path` (`category_id`, `path_id`, `level`) VALUES ('92', '89', '1');
INSERT INTO `oc_category_path` (`category_id`, `path_id`, `level`) VALUES ('92', '92', '2');


TRUNCATE TABLE `oc_category_to_layout`;

INSERT INTO `oc_category_to_layout` (`category_id`, `store_id`, `layout_id`) VALUES ('20', '0', '0');
INSERT INTO `oc_category_to_layout` (`category_id`, `store_id`, `layout_id`) VALUES ('26', '0', '0');
INSERT INTO `oc_category_to_layout` (`category_id`, `store_id`, `layout_id`) VALUES ('25', '0', '0');
INSERT INTO `oc_category_to_layout` (`category_id`, `store_id`, `layout_id`) VALUES ('27', '0', '0');
INSERT INTO `oc_category_to_layout` (`category_id`, `store_id`, `layout_id`) VALUES ('59', '0', '0');
INSERT INTO `oc_category_to_layout` (`category_id`, `store_id`, `layout_id`) VALUES ('60', '0', '0');
INSERT INTO `oc_category_to_layout` (`category_id`, `store_id`, `layout_id`) VALUES ('61', '0', '0');
INSERT INTO `oc_category_to_layout` (`category_id`, `store_id`, `layout_id`) VALUES ('62', '0', '0');
INSERT INTO `oc_category_to_layout` (`category_id`, `store_id`, `layout_id`) VALUES ('63', '0', '0');
INSERT INTO `oc_category_to_layout` (`category_id`, `store_id`, `layout_id`) VALUES ('64', '0', '0');
INSERT INTO `oc_category_to_layout` (`category_id`, `store_id`, `layout_id`) VALUES ('65', '0', '0');
INSERT INTO `oc_category_to_layout` (`category_id`, `store_id`, `layout_id`) VALUES ('66', '0', '0');
INSERT INTO `oc_category_to_layout` (`category_id`, `store_id`, `layout_id`) VALUES ('35', '0', '0');
INSERT INTO `oc_category_to_layout` (`category_id`, `store_id`, `layout_id`) VALUES ('29', '0', '0');
INSERT INTO `oc_category_to_layout` (`category_id`, `store_id`, `layout_id`) VALUES ('28', '0', '0');
INSERT INTO `oc_category_to_layout` (`category_id`, `store_id`, `layout_id`) VALUES ('30', '0', '0');
INSERT INTO `oc_category_to_layout` (`category_id`, `store_id`, `layout_id`) VALUES ('31', '0', '0');
INSERT INTO `oc_category_to_layout` (`category_id`, `store_id`, `layout_id`) VALUES ('75', '0', '0');
INSERT INTO `oc_category_to_layout` (`category_id`, `store_id`, `layout_id`) VALUES ('68', '0', '0');
INSERT INTO `oc_category_to_layout` (`category_id`, `store_id`, `layout_id`) VALUES ('69', '0', '0');
INSERT INTO `oc_category_to_layout` (`category_id`, `store_id`, `layout_id`) VALUES ('70', '0', '0');
INSERT INTO `oc_category_to_layout` (`category_id`, `store_id`, `layout_id`) VALUES ('94', '0', '0');
INSERT INTO `oc_category_to_layout` (`category_id`, `store_id`, `layout_id`) VALUES ('72', '0', '0');
INSERT INTO `oc_category_to_layout` (`category_id`, `store_id`, `layout_id`) VALUES ('76', '0', '0');
INSERT INTO `oc_category_to_layout` (`category_id`, `store_id`, `layout_id`) VALUES ('77', '0', '0');
INSERT INTO `oc_category_to_layout` (`category_id`, `store_id`, `layout_id`) VALUES ('78', '0', '0');
INSERT INTO `oc_category_to_layout` (`category_id`, `store_id`, `layout_id`) VALUES ('79', '0', '0');
INSERT INTO `oc_category_to_layout` (`category_id`, `store_id`, `layout_id`) VALUES ('80', '0', '0');
INSERT INTO `oc_category_to_layout` (`category_id`, `store_id`, `layout_id`) VALUES ('81', '0', '0');
INSERT INTO `oc_category_to_layout` (`category_id`, `store_id`, `layout_id`) VALUES ('82', '0', '0');
INSERT INTO `oc_category_to_layout` (`category_id`, `store_id`, `layout_id`) VALUES ('84', '0', '0');
INSERT INTO `oc_category_to_layout` (`category_id`, `store_id`, `layout_id`) VALUES ('85', '0', '0');
INSERT INTO `oc_category_to_layout` (`category_id`, `store_id`, `layout_id`) VALUES ('86', '0', '0');
INSERT INTO `oc_category_to_layout` (`category_id`, `store_id`, `layout_id`) VALUES ('87', '0', '0');
INSERT INTO `oc_category_to_layout` (`category_id`, `store_id`, `layout_id`) VALUES ('88', '0', '0');
INSERT INTO `oc_category_to_layout` (`category_id`, `store_id`, `layout_id`) VALUES ('89', '0', '0');
INSERT INTO `oc_category_to_layout` (`category_id`, `store_id`, `layout_id`) VALUES ('90', '0', '0');
INSERT INTO `oc_category_to_layout` (`category_id`, `store_id`, `layout_id`) VALUES ('91', '0', '0');
INSERT INTO `oc_category_to_layout` (`category_id`, `store_id`, `layout_id`) VALUES ('92', '0', '0');


TRUNCATE TABLE `oc_category_to_store`;

INSERT INTO `oc_category_to_store` (`category_id`, `store_id`) VALUES ('20', '0');
INSERT INTO `oc_category_to_store` (`category_id`, `store_id`) VALUES ('25', '0');
INSERT INTO `oc_category_to_store` (`category_id`, `store_id`) VALUES ('26', '0');
INSERT INTO `oc_category_to_store` (`category_id`, `store_id`) VALUES ('27', '0');
INSERT INTO `oc_category_to_store` (`category_id`, `store_id`) VALUES ('28', '0');
INSERT INTO `oc_category_to_store` (`category_id`, `store_id`) VALUES ('29', '0');
INSERT INTO `oc_category_to_store` (`category_id`, `store_id`) VALUES ('30', '0');
INSERT INTO `oc_category_to_store` (`category_id`, `store_id`) VALUES ('31', '0');
INSERT INTO `oc_category_to_store` (`category_id`, `store_id`) VALUES ('35', '0');
INSERT INTO `oc_category_to_store` (`category_id`, `store_id`) VALUES ('36', '0');
INSERT INTO `oc_category_to_store` (`category_id`, `store_id`) VALUES ('59', '0');
INSERT INTO `oc_category_to_store` (`category_id`, `store_id`) VALUES ('60', '0');
INSERT INTO `oc_category_to_store` (`category_id`, `store_id`) VALUES ('61', '0');
INSERT INTO `oc_category_to_store` (`category_id`, `store_id`) VALUES ('62', '0');
INSERT INTO `oc_category_to_store` (`category_id`, `store_id`) VALUES ('63', '0');
INSERT INTO `oc_category_to_store` (`category_id`, `store_id`) VALUES ('64', '0');
INSERT INTO `oc_category_to_store` (`category_id`, `store_id`) VALUES ('65', '0');
INSERT INTO `oc_category_to_store` (`category_id`, `store_id`) VALUES ('66', '0');
INSERT INTO `oc_category_to_store` (`category_id`, `store_id`) VALUES ('68', '0');
INSERT INTO `oc_category_to_store` (`category_id`, `store_id`) VALUES ('69', '0');
INSERT INTO `oc_category_to_store` (`category_id`, `store_id`) VALUES ('70', '0');
INSERT INTO `oc_category_to_store` (`category_id`, `store_id`) VALUES ('72', '0');
INSERT INTO `oc_category_to_store` (`category_id`, `store_id`) VALUES ('75', '0');
INSERT INTO `oc_category_to_store` (`category_id`, `store_id`) VALUES ('76', '0');
INSERT INTO `oc_category_to_store` (`category_id`, `store_id`) VALUES ('77', '0');
INSERT INTO `oc_category_to_store` (`category_id`, `store_id`) VALUES ('78', '0');
INSERT INTO `oc_category_to_store` (`category_id`, `store_id`) VALUES ('79', '0');
INSERT INTO `oc_category_to_store` (`category_id`, `store_id`) VALUES ('80', '0');
INSERT INTO `oc_category_to_store` (`category_id`, `store_id`) VALUES ('81', '0');
INSERT INTO `oc_category_to_store` (`category_id`, `store_id`) VALUES ('82', '0');
INSERT INTO `oc_category_to_store` (`category_id`, `store_id`) VALUES ('84', '0');
INSERT INTO `oc_category_to_store` (`category_id`, `store_id`) VALUES ('85', '0');
INSERT INTO `oc_category_to_store` (`category_id`, `store_id`) VALUES ('86', '0');
INSERT INTO `oc_category_to_store` (`category_id`, `store_id`) VALUES ('87', '0');
INSERT INTO `oc_category_to_store` (`category_id`, `store_id`) VALUES ('88', '0');
INSERT INTO `oc_category_to_store` (`category_id`, `store_id`) VALUES ('89', '0');
INSERT INTO `oc_category_to_store` (`category_id`, `store_id`) VALUES ('90', '0');
INSERT INTO `oc_category_to_store` (`category_id`, `store_id`) VALUES ('91', '0');
INSERT INTO `oc_category_to_store` (`category_id`, `store_id`) VALUES ('92', '0');
INSERT INTO `oc_category_to_store` (`category_id`, `store_id`) VALUES ('94', '0');


TRUNCATE TABLE `oc_coupon_category`;



TRUNCATE TABLE `oc_extension`;

INSERT INTO `oc_extension` (`extension_id`, `type`, `code`) VALUES ('1', 'payment', 'cod');
INSERT INTO `oc_extension` (`extension_id`, `type`, `code`) VALUES ('2', 'total', 'shipping');
INSERT INTO `oc_extension` (`extension_id`, `type`, `code`) VALUES ('3', 'total', 'sub_total');
INSERT INTO `oc_extension` (`extension_id`, `type`, `code`) VALUES ('4', 'total', 'tax');
INSERT INTO `oc_extension` (`extension_id`, `type`, `code`) VALUES ('5', 'total', 'total');
INSERT INTO `oc_extension` (`extension_id`, `type`, `code`) VALUES ('6', 'module', 'banner');
INSERT INTO `oc_extension` (`extension_id`, `type`, `code`) VALUES ('7', 'module', 'carousel');
INSERT INTO `oc_extension` (`extension_id`, `type`, `code`) VALUES ('8', 'total', 'credit');
INSERT INTO `oc_extension` (`extension_id`, `type`, `code`) VALUES ('9', 'shipping', 'flat');
INSERT INTO `oc_extension` (`extension_id`, `type`, `code`) VALUES ('10', 'total', 'handling');
INSERT INTO `oc_extension` (`extension_id`, `type`, `code`) VALUES ('11', 'total', 'low_order_fee');
INSERT INTO `oc_extension` (`extension_id`, `type`, `code`) VALUES ('12', 'total', 'coupon');
INSERT INTO `oc_extension` (`extension_id`, `type`, `code`) VALUES ('59', 'module', 'tt_mega_category');
INSERT INTO `oc_extension` (`extension_id`, `type`, `code`) VALUES ('14', 'module', 'account');
INSERT INTO `oc_extension` (`extension_id`, `type`, `code`) VALUES ('15', 'total', 'reward');
INSERT INTO `oc_extension` (`extension_id`, `type`, `code`) VALUES ('16', 'total', 'voucher');
INSERT INTO `oc_extension` (`extension_id`, `type`, `code`) VALUES ('17', 'payment', 'free_checkout');
INSERT INTO `oc_extension` (`extension_id`, `type`, `code`) VALUES ('18', 'module', 'featured');
INSERT INTO `oc_extension` (`extension_id`, `type`, `code`) VALUES ('19', 'module', 'slideshow');
INSERT INTO `oc_extension` (`extension_id`, `type`, `code`) VALUES ('20', 'theme', 'default');
INSERT INTO `oc_extension` (`extension_id`, `type`, `code`) VALUES ('21', 'dashboard', 'activity');
INSERT INTO `oc_extension` (`extension_id`, `type`, `code`) VALUES ('22', 'dashboard', 'sale');
INSERT INTO `oc_extension` (`extension_id`, `type`, `code`) VALUES ('23', 'dashboard', 'recent');
INSERT INTO `oc_extension` (`extension_id`, `type`, `code`) VALUES ('24', 'dashboard', 'order');
INSERT INTO `oc_extension` (`extension_id`, `type`, `code`) VALUES ('25', 'dashboard', 'online');
INSERT INTO `oc_extension` (`extension_id`, `type`, `code`) VALUES ('26', 'dashboard', 'map');
INSERT INTO `oc_extension` (`extension_id`, `type`, `code`) VALUES ('27', 'dashboard', 'customer');
INSERT INTO `oc_extension` (`extension_id`, `type`, `code`) VALUES ('28', 'dashboard', 'chart');
INSERT INTO `oc_extension` (`extension_id`, `type`, `code`) VALUES ('29', 'report', 'sale_coupon');
INSERT INTO `oc_extension` (`extension_id`, `type`, `code`) VALUES ('31', 'report', 'customer_search');
INSERT INTO `oc_extension` (`extension_id`, `type`, `code`) VALUES ('32', 'report', 'customer_transaction');
INSERT INTO `oc_extension` (`extension_id`, `type`, `code`) VALUES ('33', 'report', 'product_purchased');
INSERT INTO `oc_extension` (`extension_id`, `type`, `code`) VALUES ('34', 'report', 'product_viewed');
INSERT INTO `oc_extension` (`extension_id`, `type`, `code`) VALUES ('35', 'report', 'sale_return');
INSERT INTO `oc_extension` (`extension_id`, `type`, `code`) VALUES ('36', 'report', 'sale_order');
INSERT INTO `oc_extension` (`extension_id`, `type`, `code`) VALUES ('37', 'report', 'sale_shipping');
INSERT INTO `oc_extension` (`extension_id`, `type`, `code`) VALUES ('38', 'report', 'sale_tax');
INSERT INTO `oc_extension` (`extension_id`, `type`, `code`) VALUES ('39', 'report', 'customer_activity');
INSERT INTO `oc_extension` (`extension_id`, `type`, `code`) VALUES ('40', 'report', 'customer_order');
INSERT INTO `oc_extension` (`extension_id`, `type`, `code`) VALUES ('41', 'report', 'customer_reward');
INSERT INTO `oc_extension` (`extension_id`, `type`, `code`) VALUES ('43', 'module', 'tt_product_tab');
INSERT INTO `oc_extension` (`extension_id`, `type`, `code`) VALUES ('44', 'module', 'filter');
INSERT INTO `oc_extension` (`extension_id`, `type`, `code`) VALUES ('45', 'module', 'information');
INSERT INTO `oc_extension` (`extension_id`, `type`, `code`) VALUES ('46', 'module', 'special');
INSERT INTO `oc_extension` (`extension_id`, `type`, `code`) VALUES ('47', 'module', 'html');
INSERT INTO `oc_extension` (`extension_id`, `type`, `code`) VALUES ('52', 'module', 'category');
INSERT INTO `oc_extension` (`extension_id`, `type`, `code`) VALUES ('53', 'analytics', 'google');
INSERT INTO `oc_extension` (`extension_id`, `type`, `code`) VALUES ('62', 'module', 'tt_category_feature');
INSERT INTO `oc_extension` (`extension_id`, `type`, `code`) VALUES ('63', 'module', 'tt_category_tab');
INSERT INTO `oc_extension` (`extension_id`, `type`, `code`) VALUES ('64', 'module', 'tt_special_countdown');
INSERT INTO `oc_extension` (`extension_id`, `type`, `code`) VALUES ('65', 'module', 'bestseller');
INSERT INTO `oc_extension` (`extension_id`, `type`, `code`) VALUES ('66', 'module', 'latest');
INSERT INTO `oc_extension` (`extension_id`, `type`, `code`) VALUES ('68', 'module', 'ttnewslettersubscribe');
INSERT INTO `oc_extension` (`extension_id`, `type`, `code`) VALUES ('71', 'module', 'tt_live_search');


TRUNCATE TABLE `oc_filter`;

INSERT INTO `oc_filter` (`filter_id`, `filter_group_id`, `sort_order`) VALUES ('1', '1', '1');
INSERT INTO `oc_filter` (`filter_id`, `filter_group_id`, `sort_order`) VALUES ('2', '1', '2');
INSERT INTO `oc_filter` (`filter_id`, `filter_group_id`, `sort_order`) VALUES ('3', '1', '3');
INSERT INTO `oc_filter` (`filter_id`, `filter_group_id`, `sort_order`) VALUES ('4', '2', '1');
INSERT INTO `oc_filter` (`filter_id`, `filter_group_id`, `sort_order`) VALUES ('5', '2', '2');
INSERT INTO `oc_filter` (`filter_id`, `filter_group_id`, `sort_order`) VALUES ('6', '2', '3');
INSERT INTO `oc_filter` (`filter_id`, `filter_group_id`, `sort_order`) VALUES ('7', '3', '1');
INSERT INTO `oc_filter` (`filter_id`, `filter_group_id`, `sort_order`) VALUES ('8', '3', '2');
INSERT INTO `oc_filter` (`filter_id`, `filter_group_id`, `sort_order`) VALUES ('9', '3', '3');


TRUNCATE TABLE `oc_filter_description`;

INSERT INTO `oc_filter_description` (`filter_id`, `language_id`, `filter_group_id`, `name`) VALUES ('1', '1', '1', 'Black');
INSERT INTO `oc_filter_description` (`filter_id`, `language_id`, `filter_group_id`, `name`) VALUES ('1', '2', '1', 'Black');
INSERT INTO `oc_filter_description` (`filter_id`, `language_id`, `filter_group_id`, `name`) VALUES ('2', '1', '1', 'White');
INSERT INTO `oc_filter_description` (`filter_id`, `language_id`, `filter_group_id`, `name`) VALUES ('2', '2', '1', 'White');
INSERT INTO `oc_filter_description` (`filter_id`, `language_id`, `filter_group_id`, `name`) VALUES ('3', '1', '1', 'Silver');
INSERT INTO `oc_filter_description` (`filter_id`, `language_id`, `filter_group_id`, `name`) VALUES ('3', '2', '1', 'Silver');
INSERT INTO `oc_filter_description` (`filter_id`, `language_id`, `filter_group_id`, `name`) VALUES ('4', '1', '2', '$100 and belov');
INSERT INTO `oc_filter_description` (`filter_id`, `language_id`, `filter_group_id`, `name`) VALUES ('4', '2', '2', '$100 and belov');
INSERT INTO `oc_filter_description` (`filter_id`, `language_id`, `filter_group_id`, `name`) VALUES ('5', '1', '2', '$100 to $200');
INSERT INTO `oc_filter_description` (`filter_id`, `language_id`, `filter_group_id`, `name`) VALUES ('5', '2', '2', '$100 to $200');
INSERT INTO `oc_filter_description` (`filter_id`, `language_id`, `filter_group_id`, `name`) VALUES ('6', '1', '2', '$200 and more');
INSERT INTO `oc_filter_description` (`filter_id`, `language_id`, `filter_group_id`, `name`) VALUES ('6', '2', '2', '$200 and more');
INSERT INTO `oc_filter_description` (`filter_id`, `language_id`, `filter_group_id`, `name`) VALUES ('7', '1', '3', 'Large');
INSERT INTO `oc_filter_description` (`filter_id`, `language_id`, `filter_group_id`, `name`) VALUES ('7', '2', '3', 'Large');
INSERT INTO `oc_filter_description` (`filter_id`, `language_id`, `filter_group_id`, `name`) VALUES ('8', '1', '3', 'Medium');
INSERT INTO `oc_filter_description` (`filter_id`, `language_id`, `filter_group_id`, `name`) VALUES ('8', '2', '3', 'Medium');
INSERT INTO `oc_filter_description` (`filter_id`, `language_id`, `filter_group_id`, `name`) VALUES ('9', '1', '3', 'Small');
INSERT INTO `oc_filter_description` (`filter_id`, `language_id`, `filter_group_id`, `name`) VALUES ('9', '2', '3', 'Small');


TRUNCATE TABLE `oc_filter_group`;

INSERT INTO `oc_filter_group` (`filter_group_id`, `sort_order`) VALUES ('1', '1');
INSERT INTO `oc_filter_group` (`filter_group_id`, `sort_order`) VALUES ('2', '2');
INSERT INTO `oc_filter_group` (`filter_group_id`, `sort_order`) VALUES ('3', '3');


TRUNCATE TABLE `oc_filter_group_description`;

INSERT INTO `oc_filter_group_description` (`filter_group_id`, `language_id`, `name`) VALUES ('1', '1', 'Colors');
INSERT INTO `oc_filter_group_description` (`filter_group_id`, `language_id`, `name`) VALUES ('1', '2', 'Colors');
INSERT INTO `oc_filter_group_description` (`filter_group_id`, `language_id`, `name`) VALUES ('2', '1', 'Price');
INSERT INTO `oc_filter_group_description` (`filter_group_id`, `language_id`, `name`) VALUES ('2', '2', 'Price');
INSERT INTO `oc_filter_group_description` (`filter_group_id`, `language_id`, `name`) VALUES ('3', '1', 'Size');
INSERT INTO `oc_filter_group_description` (`filter_group_id`, `language_id`, `name`) VALUES ('3', '2', 'Size');


TRUNCATE TABLE `oc_layout_module`;

INSERT INTO `oc_layout_module` (`layout_module_id`, `layout_id`, `code`, `position`, `sort_order`) VALUES ('3597', '5', 'html.102', 'footer_top', '2');
INSERT INTO `oc_layout_module` (`layout_module_id`, `layout_id`, `code`, `position`, `sort_order`) VALUES ('3616', '13', 'html.56', 'footer_top', '1');
INSERT INTO `oc_layout_module` (`layout_module_id`, `layout_id`, `code`, `position`, `sort_order`) VALUES ('3542', '4', 'html.56', 'footer_top', '1');
INSERT INTO `oc_layout_module` (`layout_module_id`, `layout_id`, `code`, `position`, `sort_order`) VALUES ('3467', '6', 'html.102', 'footer_top', '2');
INSERT INTO `oc_layout_module` (`layout_module_id`, `layout_id`, `code`, `position`, `sort_order`) VALUES ('3596', '5', 'html.56', 'footer_top', '1');
INSERT INTO `oc_layout_module` (`layout_module_id`, `layout_id`, `code`, `position`, `sort_order`) VALUES ('3510', '7', 'html.56', 'footer_top', '1');
INSERT INTO `oc_layout_module` (`layout_module_id`, `layout_id`, `code`, `position`, `sort_order`) VALUES ('3534', '12', 'html.53', 'footer_bottom', '0');
INSERT INTO `oc_layout_module` (`layout_module_id`, `layout_id`, `code`, `position`, `sort_order`) VALUES ('3553', '8', 'html.56', 'footer_top', '1');
INSERT INTO `oc_layout_module` (`layout_module_id`, `layout_id`, `code`, `position`, `sort_order`) VALUES ('3586', '11', 'html.56', 'footer_top', '1');
INSERT INTO `oc_layout_module` (`layout_module_id`, `layout_id`, `code`, `position`, `sort_order`) VALUES ('3606', '2', 'html.56', 'footer_top', '1');
INSERT INTO `oc_layout_module` (`layout_module_id`, `layout_id`, `code`, `position`, `sort_order`) VALUES ('3626', '9', 'html.56', 'footer_top', '1');
INSERT INTO `oc_layout_module` (`layout_module_id`, `layout_id`, `code`, `position`, `sort_order`) VALUES ('3476', '10', 'html.56', 'footer_top', '1');
INSERT INTO `oc_layout_module` (`layout_module_id`, `layout_id`, `code`, `position`, `sort_order`) VALUES ('3525', '3', 'html.49', 'footer_right', '0');
INSERT INTO `oc_layout_module` (`layout_module_id`, `layout_id`, `code`, `position`, `sort_order`) VALUES ('3552', '8', 'ttnewslettersubscribe.93', 'footer_top', '0');
INSERT INTO `oc_layout_module` (`layout_module_id`, `layout_id`, `code`, `position`, `sort_order`) VALUES ('3595', '5', 'ttnewslettersubscribe.93', 'footer_top', '0');
INSERT INTO `oc_layout_module` (`layout_module_id`, `layout_id`, `code`, `position`, `sort_order`) VALUES ('3466', '6', 'html.56', 'footer_top', '1');
INSERT INTO `oc_layout_module` (`layout_module_id`, `layout_id`, `code`, `position`, `sort_order`) VALUES ('3475', '10', 'ttnewslettersubscribe.93', 'footer_top', '0');
INSERT INTO `oc_layout_module` (`layout_module_id`, `layout_id`, `code`, `position`, `sort_order`) VALUES ('3535', '12', 'html.49', 'footer_right', '0');
INSERT INTO `oc_layout_module` (`layout_module_id`, `layout_id`, `code`, `position`, `sort_order`) VALUES ('3509', '7', 'ttnewslettersubscribe.93', 'footer_top', '0');
INSERT INTO `oc_layout_module` (`layout_module_id`, `layout_id`, `code`, `position`, `sort_order`) VALUES ('3533', '12', 'html.102', 'footer_top', '2');
INSERT INTO `oc_layout_module` (`layout_module_id`, `layout_id`, `code`, `position`, `sort_order`) VALUES ('3551', '8', 'html.76', 'footer_left', '0');
INSERT INTO `oc_layout_module` (`layout_module_id`, `layout_id`, `code`, `position`, `sort_order`) VALUES ('3541', '4', 'ttnewslettersubscribe.93', 'footer_top', '0');
INSERT INTO `oc_layout_module` (`layout_module_id`, `layout_id`, `code`, `position`, `sort_order`) VALUES ('3585', '11', 'ttnewslettersubscribe.93', 'footer_top', '0');
INSERT INTO `oc_layout_module` (`layout_module_id`, `layout_id`, `code`, `position`, `sort_order`) VALUES ('3594', '5', 'html.76', 'footer_left', '0');
INSERT INTO `oc_layout_module` (`layout_module_id`, `layout_id`, `code`, `position`, `sort_order`) VALUES ('3605', '2', 'ttnewslettersubscribe.93', 'footer_top', '0');
INSERT INTO `oc_layout_module` (`layout_module_id`, `layout_id`, `code`, `position`, `sort_order`) VALUES ('3615', '13', 'ttnewslettersubscribe.93', 'footer_top', '0');
INSERT INTO `oc_layout_module` (`layout_module_id`, `layout_id`, `code`, `position`, `sort_order`) VALUES ('3625', '9', 'ttnewslettersubscribe.93', 'footer_top', '0');
INSERT INTO `oc_layout_module` (`layout_module_id`, `layout_id`, `code`, `position`, `sort_order`) VALUES ('3569', '1', 'tt_category_tab.80', 'content_bottom', '3');
INSERT INTO `oc_layout_module` (`layout_module_id`, `layout_id`, `code`, `position`, `sort_order`) VALUES ('3465', '6', 'ttnewslettersubscribe.93', 'footer_top', '0');
INSERT INTO `oc_layout_module` (`layout_module_id`, `layout_id`, `code`, `position`, `sort_order`) VALUES ('3474', '10', 'html.76', 'footer_left', '0');
INSERT INTO `oc_layout_module` (`layout_module_id`, `layout_id`, `code`, `position`, `sort_order`) VALUES ('3524', '3', 'html.53', 'footer_bottom', '0');
INSERT INTO `oc_layout_module` (`layout_module_id`, `layout_id`, `code`, `position`, `sort_order`) VALUES ('3508', '7', 'html.76', 'footer_left', '0');
INSERT INTO `oc_layout_module` (`layout_module_id`, `layout_id`, `code`, `position`, `sort_order`) VALUES ('3532', '12', 'html.56', 'footer_top', '1');
INSERT INTO `oc_layout_module` (`layout_module_id`, `layout_id`, `code`, `position`, `sort_order`) VALUES ('3550', '8', 'special.99', 'column_left', '3');
INSERT INTO `oc_layout_module` (`layout_module_id`, `layout_id`, `code`, `position`, `sort_order`) VALUES ('3540', '4', 'html.76', 'footer_left', '0');
INSERT INTO `oc_layout_module` (`layout_module_id`, `layout_id`, `code`, `position`, `sort_order`) VALUES ('3584', '11', 'html.76', 'footer_left', '0');
INSERT INTO `oc_layout_module` (`layout_module_id`, `layout_id`, `code`, `position`, `sort_order`) VALUES ('3604', '2', 'html.76', 'footer_left', '0');
INSERT INTO `oc_layout_module` (`layout_module_id`, `layout_id`, `code`, `position`, `sort_order`) VALUES ('3614', '13', 'html.76', 'footer_left', '0');
INSERT INTO `oc_layout_module` (`layout_module_id`, `layout_id`, `code`, `position`, `sort_order`) VALUES ('3624', '9', 'html.76', 'footer_left', '0');
INSERT INTO `oc_layout_module` (`layout_module_id`, `layout_id`, `code`, `position`, `sort_order`) VALUES ('3568', '1', 'tt_special_countdown.81', 'content_bottom', '2');
INSERT INTO `oc_layout_module` (`layout_module_id`, `layout_id`, `code`, `position`, `sort_order`) VALUES ('3464', '6', 'html.76', 'footer_left', '0');
INSERT INTO `oc_layout_module` (`layout_module_id`, `layout_id`, `code`, `position`, `sort_order`) VALUES ('3463', '6', 'special.99', 'column_left', '3');
INSERT INTO `oc_layout_module` (`layout_module_id`, `layout_id`, `code`, `position`, `sort_order`) VALUES ('3567', '1', 'tt_product_tab.33', 'content_bottom', '0');
INSERT INTO `oc_layout_module` (`layout_module_id`, `layout_id`, `code`, `position`, `sort_order`) VALUES ('3523', '3', 'html.102', 'footer_top', '2');
INSERT INTO `oc_layout_module` (`layout_module_id`, `layout_id`, `code`, `position`, `sort_order`) VALUES ('3531', '12', 'ttnewslettersubscribe.93', 'footer_top', '0');
INSERT INTO `oc_layout_module` (`layout_module_id`, `layout_id`, `code`, `position`, `sort_order`) VALUES ('3473', '10', 'special.99', 'column_left', '3');
INSERT INTO `oc_layout_module` (`layout_module_id`, `layout_id`, `code`, `position`, `sort_order`) VALUES ('3507', '7', 'special.99', 'column_left', '3');
INSERT INTO `oc_layout_module` (`layout_module_id`, `layout_id`, `code`, `position`, `sort_order`) VALUES ('3549', '8', 'banner.30', 'column_left', '2');
INSERT INTO `oc_layout_module` (`layout_module_id`, `layout_id`, `code`, `position`, `sort_order`) VALUES ('3539', '4', 'special.99', 'column_left', '3');
INSERT INTO `oc_layout_module` (`layout_module_id`, `layout_id`, `code`, `position`, `sort_order`) VALUES ('3583', '11', 'special.99', 'column_left', '3');
INSERT INTO `oc_layout_module` (`layout_module_id`, `layout_id`, `code`, `position`, `sort_order`) VALUES ('3593', '5', 'special.99', 'column_left', '3');
INSERT INTO `oc_layout_module` (`layout_module_id`, `layout_id`, `code`, `position`, `sort_order`) VALUES ('3603', '2', 'special.99', 'column_left', '3');
INSERT INTO `oc_layout_module` (`layout_module_id`, `layout_id`, `code`, `position`, `sort_order`) VALUES ('3613', '13', 'special.99', 'column_left', '3');
INSERT INTO `oc_layout_module` (`layout_module_id`, `layout_id`, `code`, `position`, `sort_order`) VALUES ('3623', '9', 'special.99', 'column_left', '3');
INSERT INTO `oc_layout_module` (`layout_module_id`, `layout_id`, `code`, `position`, `sort_order`) VALUES ('3566', '1', 'ttnewslettersubscribe.94', 'content_top', '4');
INSERT INTO `oc_layout_module` (`layout_module_id`, `layout_id`, `code`, `position`, `sort_order`) VALUES ('3462', '6', 'banner.30', 'column_left', '2');
INSERT INTO `oc_layout_module` (`layout_module_id`, `layout_id`, `code`, `position`, `sort_order`) VALUES ('3565', '1', 'html.86', 'content_top', '3');
INSERT INTO `oc_layout_module` (`layout_module_id`, `layout_id`, `code`, `position`, `sort_order`) VALUES ('3461', '6', 'tt_mega_category', 'column_left', '0');
INSERT INTO `oc_layout_module` (`layout_module_id`, `layout_id`, `code`, `position`, `sort_order`) VALUES ('3472', '10', 'banner.30', 'column_left', '2');
INSERT INTO `oc_layout_module` (`layout_module_id`, `layout_id`, `code`, `position`, `sort_order`) VALUES ('3522', '3', 'html.56', 'footer_top', '1');
INSERT INTO `oc_layout_module` (`layout_module_id`, `layout_id`, `code`, `position`, `sort_order`) VALUES ('3521', '3', 'ttnewslettersubscribe.93', 'footer_top', '0');
INSERT INTO `oc_layout_module` (`layout_module_id`, `layout_id`, `code`, `position`, `sort_order`) VALUES ('3506', '7', 'banner.30', 'column_left', '2');
INSERT INTO `oc_layout_module` (`layout_module_id`, `layout_id`, `code`, `position`, `sort_order`) VALUES ('3530', '12', 'html.76', 'footer_left', '0');
INSERT INTO `oc_layout_module` (`layout_module_id`, `layout_id`, `code`, `position`, `sort_order`) VALUES ('3548', '8', 'tt_mega_category', 'column_left', '0');
INSERT INTO `oc_layout_module` (`layout_module_id`, `layout_id`, `code`, `position`, `sort_order`) VALUES ('3538', '4', 'banner.30', 'column_left', '2');
INSERT INTO `oc_layout_module` (`layout_module_id`, `layout_id`, `code`, `position`, `sort_order`) VALUES ('3582', '11', 'banner.30', 'column_left', '2');
INSERT INTO `oc_layout_module` (`layout_module_id`, `layout_id`, `code`, `position`, `sort_order`) VALUES ('3592', '5', 'banner.30', 'column_left', '2');
INSERT INTO `oc_layout_module` (`layout_module_id`, `layout_id`, `code`, `position`, `sort_order`) VALUES ('3602', '2', 'banner.30', 'column_left', '2');
INSERT INTO `oc_layout_module` (`layout_module_id`, `layout_id`, `code`, `position`, `sort_order`) VALUES ('3612', '13', 'banner.30', 'column_left', '2');
INSERT INTO `oc_layout_module` (`layout_module_id`, `layout_id`, `code`, `position`, `sort_order`) VALUES ('3622', '9', 'banner.30', 'column_left', '2');
INSERT INTO `oc_layout_module` (`layout_module_id`, `layout_id`, `code`, `position`, `sort_order`) VALUES ('3520', '3', 'html.76', 'footer_left', '0');
INSERT INTO `oc_layout_module` (`layout_module_id`, `layout_id`, `code`, `position`, `sort_order`) VALUES ('3519', '3', 'information', 'column_left', '4');
INSERT INTO `oc_layout_module` (`layout_module_id`, `layout_id`, `code`, `position`, `sort_order`) VALUES ('3564', '1', 'tt_category_feature.104', 'content_top', '2');
INSERT INTO `oc_layout_module` (`layout_module_id`, `layout_id`, `code`, `position`, `sort_order`) VALUES ('3563', '1', 'slideshow.27', 'content_top', '1');
INSERT INTO `oc_layout_module` (`layout_module_id`, `layout_id`, `code`, `position`, `sort_order`) VALUES ('3562', '1', 'tt_mega_category', 'content_top', '0');
INSERT INTO `oc_layout_module` (`layout_module_id`, `layout_id`, `code`, `position`, `sort_order`) VALUES ('3561', '1', 'special.99', 'column_left', '3');
INSERT INTO `oc_layout_module` (`layout_module_id`, `layout_id`, `code`, `position`, `sort_order`) VALUES ('3460', '6', 'html.57', 'header_left', '0');
INSERT INTO `oc_layout_module` (`layout_module_id`, `layout_id`, `code`, `position`, `sort_order`) VALUES ('3471', '10', 'tt_mega_category', 'column_left', '0');
INSERT INTO `oc_layout_module` (`layout_module_id`, `layout_id`, `code`, `position`, `sort_order`) VALUES ('3470', '10', 'html.57', 'header_left', '0');
INSERT INTO `oc_layout_module` (`layout_module_id`, `layout_id`, `code`, `position`, `sort_order`) VALUES ('3518', '3', 'special.99', 'column_left', '3');
INSERT INTO `oc_layout_module` (`layout_module_id`, `layout_id`, `code`, `position`, `sort_order`) VALUES ('3517', '3', 'banner.30', 'column_left', '2');
INSERT INTO `oc_layout_module` (`layout_module_id`, `layout_id`, `code`, `position`, `sort_order`) VALUES ('3505', '7', 'tt_mega_category', 'column_left', '0');
INSERT INTO `oc_layout_module` (`layout_module_id`, `layout_id`, `code`, `position`, `sort_order`) VALUES ('3504', '7', 'html.57', 'header_left', '0');
INSERT INTO `oc_layout_module` (`layout_module_id`, `layout_id`, `code`, `position`, `sort_order`) VALUES ('3529', '12', 'special.99', 'column_left', '3');
INSERT INTO `oc_layout_module` (`layout_module_id`, `layout_id`, `code`, `position`, `sort_order`) VALUES ('3528', '12', 'banner.30', 'column_left', '2');
INSERT INTO `oc_layout_module` (`layout_module_id`, `layout_id`, `code`, `position`, `sort_order`) VALUES ('3547', '8', 'tt_mega_category', 'header_bottom', '0');
INSERT INTO `oc_layout_module` (`layout_module_id`, `layout_id`, `code`, `position`, `sort_order`) VALUES ('3546', '8', 'html.57', 'header_left', '0');
INSERT INTO `oc_layout_module` (`layout_module_id`, `layout_id`, `code`, `position`, `sort_order`) VALUES ('3537', '4', 'tt_mega_category', 'column_left', '0');
INSERT INTO `oc_layout_module` (`layout_module_id`, `layout_id`, `code`, `position`, `sort_order`) VALUES ('3536', '4', 'html.57', 'header_left', '0');
INSERT INTO `oc_layout_module` (`layout_module_id`, `layout_id`, `code`, `position`, `sort_order`) VALUES ('3560', '1', 'banner.30', 'column_left', '2');
INSERT INTO `oc_layout_module` (`layout_module_id`, `layout_id`, `code`, `position`, `sort_order`) VALUES ('3559', '1', 'html.106', 'column_left', '1');
INSERT INTO `oc_layout_module` (`layout_module_id`, `layout_id`, `code`, `position`, `sort_order`) VALUES ('3581', '11', 'tt_mega_category', 'column_left', '0');
INSERT INTO `oc_layout_module` (`layout_module_id`, `layout_id`, `code`, `position`, `sort_order`) VALUES ('3580', '11', 'html.57', 'header_left', '0');
INSERT INTO `oc_layout_module` (`layout_module_id`, `layout_id`, `code`, `position`, `sort_order`) VALUES ('3591', '5', 'tt_mega_category', 'column_left', '0');
INSERT INTO `oc_layout_module` (`layout_module_id`, `layout_id`, `code`, `position`, `sort_order`) VALUES ('3590', '5', 'html.57', 'header_left', '0');
INSERT INTO `oc_layout_module` (`layout_module_id`, `layout_id`, `code`, `position`, `sort_order`) VALUES ('3601', '2', 'tt_mega_category', 'column_left', '0');
INSERT INTO `oc_layout_module` (`layout_module_id`, `layout_id`, `code`, `position`, `sort_order`) VALUES ('3600', '2', 'html.57', 'header_left', '0');
INSERT INTO `oc_layout_module` (`layout_module_id`, `layout_id`, `code`, `position`, `sort_order`) VALUES ('3611', '13', 'tt_mega_category', 'column_left', '0');
INSERT INTO `oc_layout_module` (`layout_module_id`, `layout_id`, `code`, `position`, `sort_order`) VALUES ('3610', '13', 'html.57', 'header_left', '0');
INSERT INTO `oc_layout_module` (`layout_module_id`, `layout_id`, `code`, `position`, `sort_order`) VALUES ('3621', '9', 'tt_mega_category', 'column_left', '0');
INSERT INTO `oc_layout_module` (`layout_module_id`, `layout_id`, `code`, `position`, `sort_order`) VALUES ('3620', '9', 'html.57', 'header_left', '0');
INSERT INTO `oc_layout_module` (`layout_module_id`, `layout_id`, `code`, `position`, `sort_order`) VALUES ('3558', '1', 'category', 'column_left', '0');
INSERT INTO `oc_layout_module` (`layout_module_id`, `layout_id`, `code`, `position`, `sort_order`) VALUES ('3557', '1', 'html.57', 'header_left', '0');
INSERT INTO `oc_layout_module` (`layout_module_id`, `layout_id`, `code`, `position`, `sort_order`) VALUES ('3468', '6', 'html.53', 'footer_bottom', '0');
INSERT INTO `oc_layout_module` (`layout_module_id`, `layout_id`, `code`, `position`, `sort_order`) VALUES ('3469', '6', 'html.49', 'footer_right', '0');
INSERT INTO `oc_layout_module` (`layout_module_id`, `layout_id`, `code`, `position`, `sort_order`) VALUES ('3477', '10', 'html.102', 'footer_top', '2');
INSERT INTO `oc_layout_module` (`layout_module_id`, `layout_id`, `code`, `position`, `sort_order`) VALUES ('3478', '10', 'html.53', 'footer_bottom', '0');
INSERT INTO `oc_layout_module` (`layout_module_id`, `layout_id`, `code`, `position`, `sort_order`) VALUES ('3479', '10', 'html.49', 'footer_right', '0');
INSERT INTO `oc_layout_module` (`layout_module_id`, `layout_id`, `code`, `position`, `sort_order`) VALUES ('3516', '3', 'filter', 'column_left', '1');
INSERT INTO `oc_layout_module` (`layout_module_id`, `layout_id`, `code`, `position`, `sort_order`) VALUES ('3515', '3', 'tt_mega_category', 'column_left', '0');
INSERT INTO `oc_layout_module` (`layout_module_id`, `layout_id`, `code`, `position`, `sort_order`) VALUES ('3514', '3', 'html.57', 'header_left', '0');
INSERT INTO `oc_layout_module` (`layout_module_id`, `layout_id`, `code`, `position`, `sort_order`) VALUES ('3527', '12', 'tt_mega_category', 'column_left', '0');
INSERT INTO `oc_layout_module` (`layout_module_id`, `layout_id`, `code`, `position`, `sort_order`) VALUES ('3526', '12', 'html.57', 'header_left', '0');
INSERT INTO `oc_layout_module` (`layout_module_id`, `layout_id`, `code`, `position`, `sort_order`) VALUES ('3511', '7', 'html.102', 'footer_top', '2');
INSERT INTO `oc_layout_module` (`layout_module_id`, `layout_id`, `code`, `position`, `sort_order`) VALUES ('3512', '7', 'html.53', 'footer_bottom', '0');
INSERT INTO `oc_layout_module` (`layout_module_id`, `layout_id`, `code`, `position`, `sort_order`) VALUES ('3513', '7', 'html.49', 'footer_right', '0');
INSERT INTO `oc_layout_module` (`layout_module_id`, `layout_id`, `code`, `position`, `sort_order`) VALUES ('3543', '4', 'html.102', 'footer_top', '2');
INSERT INTO `oc_layout_module` (`layout_module_id`, `layout_id`, `code`, `position`, `sort_order`) VALUES ('3544', '4', 'html.53', 'footer_bottom', '0');
INSERT INTO `oc_layout_module` (`layout_module_id`, `layout_id`, `code`, `position`, `sort_order`) VALUES ('3545', '4', 'html.49', 'footer_right', '0');
INSERT INTO `oc_layout_module` (`layout_module_id`, `layout_id`, `code`, `position`, `sort_order`) VALUES ('3554', '8', 'html.102', 'footer_top', '2');
INSERT INTO `oc_layout_module` (`layout_module_id`, `layout_id`, `code`, `position`, `sort_order`) VALUES ('3555', '8', 'html.53', 'footer_bottom', '0');
INSERT INTO `oc_layout_module` (`layout_module_id`, `layout_id`, `code`, `position`, `sort_order`) VALUES ('3556', '8', 'html.49', 'footer_right', '0');
INSERT INTO `oc_layout_module` (`layout_module_id`, `layout_id`, `code`, `position`, `sort_order`) VALUES ('3570', '1', 'html.95', 'content_bottom', '4');
INSERT INTO `oc_layout_module` (`layout_module_id`, `layout_id`, `code`, `position`, `sort_order`) VALUES ('3571', '1', 'bestseller.98', 'content_bottom', '5');
INSERT INTO `oc_layout_module` (`layout_module_id`, `layout_id`, `code`, `position`, `sort_order`) VALUES ('3573', '1', 'carousel.29', 'content_bottom', '7');
INSERT INTO `oc_layout_module` (`layout_module_id`, `layout_id`, `code`, `position`, `sort_order`) VALUES ('3574', '1', 'html.76', 'footer_left', '0');
INSERT INTO `oc_layout_module` (`layout_module_id`, `layout_id`, `code`, `position`, `sort_order`) VALUES ('3575', '1', 'ttnewslettersubscribe.93', 'footer_top', '0');
INSERT INTO `oc_layout_module` (`layout_module_id`, `layout_id`, `code`, `position`, `sort_order`) VALUES ('3576', '1', 'html.56', 'footer_top', '1');
INSERT INTO `oc_layout_module` (`layout_module_id`, `layout_id`, `code`, `position`, `sort_order`) VALUES ('3577', '1', 'html.102', 'footer_top', '2');
INSERT INTO `oc_layout_module` (`layout_module_id`, `layout_id`, `code`, `position`, `sort_order`) VALUES ('3578', '1', 'html.53', 'footer_bottom', '0');
INSERT INTO `oc_layout_module` (`layout_module_id`, `layout_id`, `code`, `position`, `sort_order`) VALUES ('3579', '1', 'html.49', 'footer_right', '0');
INSERT INTO `oc_layout_module` (`layout_module_id`, `layout_id`, `code`, `position`, `sort_order`) VALUES ('3587', '11', 'html.102', 'footer_top', '2');
INSERT INTO `oc_layout_module` (`layout_module_id`, `layout_id`, `code`, `position`, `sort_order`) VALUES ('3588', '11', 'html.53', 'footer_bottom', '0');
INSERT INTO `oc_layout_module` (`layout_module_id`, `layout_id`, `code`, `position`, `sort_order`) VALUES ('3589', '11', 'html.49', 'footer_right', '0');
INSERT INTO `oc_layout_module` (`layout_module_id`, `layout_id`, `code`, `position`, `sort_order`) VALUES ('3598', '5', 'html.53', 'footer_bottom', '0');
INSERT INTO `oc_layout_module` (`layout_module_id`, `layout_id`, `code`, `position`, `sort_order`) VALUES ('3599', '5', 'html.49', 'footer_right', '0');
INSERT INTO `oc_layout_module` (`layout_module_id`, `layout_id`, `code`, `position`, `sort_order`) VALUES ('3607', '2', 'html.102', 'footer_top', '2');
INSERT INTO `oc_layout_module` (`layout_module_id`, `layout_id`, `code`, `position`, `sort_order`) VALUES ('3608', '2', 'html.53', 'footer_bottom', '0');
INSERT INTO `oc_layout_module` (`layout_module_id`, `layout_id`, `code`, `position`, `sort_order`) VALUES ('3609', '2', 'html.49', 'footer_right', '0');
INSERT INTO `oc_layout_module` (`layout_module_id`, `layout_id`, `code`, `position`, `sort_order`) VALUES ('3617', '13', 'html.102', 'footer_top', '2');
INSERT INTO `oc_layout_module` (`layout_module_id`, `layout_id`, `code`, `position`, `sort_order`) VALUES ('3618', '13', 'html.53', 'footer_bottom', '0');
INSERT INTO `oc_layout_module` (`layout_module_id`, `layout_id`, `code`, `position`, `sort_order`) VALUES ('3619', '13', 'html.49', 'footer_right', '0');
INSERT INTO `oc_layout_module` (`layout_module_id`, `layout_id`, `code`, `position`, `sort_order`) VALUES ('3627', '9', 'html.102', 'footer_top', '2');
INSERT INTO `oc_layout_module` (`layout_module_id`, `layout_id`, `code`, `position`, `sort_order`) VALUES ('3628', '9', 'html.53', 'footer_bottom', '0');
INSERT INTO `oc_layout_module` (`layout_module_id`, `layout_id`, `code`, `position`, `sort_order`) VALUES ('3629', '9', 'html.49', 'footer_right', '0');


TRUNCATE TABLE `oc_module`;

INSERT INTO `oc_module` (`module_id`, `name`, `code`, `setting`) VALUES ('30', 'Category-Left-Banner', 'banner', '{"name":"Category-Left-Banner","banner_id":"6","width":"305","height":"450","status":"1"}');
INSERT INTO `oc_module` (`module_id`, `name`, `code`, `setting`) VALUES ('29', 'Manufacturers', 'carousel', '{"name":"Manufacturers","banner_id":"8","width":"140","height":"100","status":"1"}');
INSERT INTO `oc_module` (`module_id`, `name`, `code`, `setting`) VALUES ('28', 'Left-Feature', 'featured', '{"name":"Left-Feature","product_name":"","product":["43","40","42","30","28"],"limit":"5","width":"70","height":"91","status":"1"}');
INSERT INTO `oc_module` (`module_id`, `name`, `code`, `setting`) VALUES ('27', 'Home Page Slideshow', 'slideshow', '{"name":"Home Page Slideshow","banner_id":"7","width":"1280","height":"510","status":"1"}');
INSERT INTO `oc_module` (`module_id`, `name`, `code`, `setting`) VALUES ('33', 'TT-Trending Products', 'tt_product_tab', '{"name":"TT-Trending Products","featured_products":"1","latest_products":"1","special_products":"1","product":["42","46","40","48","29","35","43","49","31","41","28","47","45","44"],"limit":"10","width":"300","height":"300","status":"1","bestseller_products":0}');
INSERT INTO `oc_module` (`module_id`, `name`, `code`, `setting`) VALUES ('57', 'TT-CMS-header-services', 'html', '{"name":"TT-CMS-header-services","module_description":{"1":{"title":"","description":"&lt;div id=&quot;ttcmsheader&quot;&gt;\r\n  &lt;div class=&quot;ttheader-service&quot;&gt;India\'s Fastest online Shopping Deastination&lt;\\/div&gt;\r\n&lt;\\/div&gt;"},"2":{"title":"","description":"&lt;div id=&quot;ttcmsheader&quot;&gt;\r\n  &lt;div class=&quot;ttheader-service&quot;&gt;India\'s Fastest online Shopping Deastination&lt;\\/div&gt;\r\n&lt;\\/div&gt;"}},"status":"1"}');
INSERT INTO `oc_module` (`module_id`, `name`, `code`, `setting`) VALUES ('49', 'TT-CMS-ContactUs', 'html', '{"name":"TT-CMS-ContactUs","module_description":{"1":{"title":"","description":"&lt;div class=&quot;contact-us&quot;&gt;\r\n&lt;h5 class=&quot;&quot;&gt;Store Information&lt;\\/h5&gt;\r\n&lt;ul style=&quot;display: block;&quot; class=&quot;list-unstyled&quot;&gt;\r\n&lt;li class=&quot;contact-detail&quot;&gt;\r\n&lt;div class=&quot;data address&quot;&gt;\r\n&lt;i class=&quot;fa fa-map-marker&quot;&gt;&lt;\\/i&gt;\r\n&lt;div class=&quot;contact-address&quot;&gt;Demo Store&lt;br&gt;United States&lt;\\/div&gt;\r\n&lt;\\/div&gt;\r\n&lt;\\/li&gt;\r\n&lt;li class=&quot;email&quot;&gt;\r\n&lt;div class=&quot;data email&quot;&gt;\r\n&lt;i class=&quot;fa fa-envelope&quot;&gt;&lt;\\/i&gt;\r\n&lt;span class=&quot;email-address&quot;&gt;\r\n&lt;a href=&quot;mailto:demo@gmail.com&quot;&gt;demo@gmail.com&lt;\\/a&gt;\r\n&lt;\\/span&gt;\r\n&lt;\\/div&gt;\r\n&lt;\\/li&gt;\r\n\r\n&lt;li class=&quot;fax&quot;&gt;\r\n&lt;div class=&quot;data fax&quot;&gt;\r\n&lt;i class=&quot;fa fa-fax&quot;&gt;&lt;\\/i&gt;\r\n&lt;span class=&quot;fax-address&quot;&gt;\r\n&lt;a href=&quot;#&quot;&gt;22354863&lt;\\/a&gt;\r\n&lt;\\/span&gt;\r\n&lt;\\/div&gt;\r\n&lt;\\/li&gt;\r\n\r\n&lt;li class=&quot;contact&quot;&gt;\r\n&lt;div class=&quot;data contact&quot;&gt;\r\n&lt;i class=&quot;fa fa-phone&quot;&gt;&lt;\\/i&gt; \r\n&lt;span class=&quot;phone&quot;&gt;\r\n&lt;a href=&quot;#&quot;&gt;0123456789&lt;\\/a&gt;\r\n&lt;\\/span&gt;\r\n&lt;\\/div&gt;\r\n&lt;\\/li&gt;\r\n&lt;\\/ul&gt;\r\n&lt;\\/div&gt;"},"2":{"title":"","description":"&lt;div class=&quot;contact-us&quot;&gt;\r\n&lt;h5 class=&quot;&quot;&gt;Store Information&lt;\\/h5&gt;\r\n&lt;ul style=&quot;display: block;&quot; class=&quot;list-unstyled&quot;&gt;\r\n&lt;li class=&quot;contact-detail&quot;&gt;\r\n&lt;div class=&quot;data address&quot;&gt;\r\n&lt;i class=&quot;fa fa-map-marker&quot;&gt;&lt;\\/i&gt;\r\n&lt;div class=&quot;contact-address&quot;&gt;Demo Store&lt;br&gt;United States&lt;\\/div&gt;\r\n&lt;\\/div&gt;\r\n&lt;\\/li&gt;\r\n&lt;li class=&quot;email&quot;&gt;\r\n&lt;div class=&quot;data email&quot;&gt;\r\n&lt;i class=&quot;fa fa-envelope&quot;&gt;&lt;\\/i&gt;\r\n&lt;span class=&quot;email-address&quot;&gt;\r\n&lt;a href=&quot;mailto:demo@gmail.com&quot;&gt;demo@gmail.com&lt;\\/a&gt;\r\n&lt;\\/span&gt;\r\n&lt;\\/div&gt;\r\n&lt;\\/li&gt;\r\n\r\n&lt;li class=&quot;fax&quot;&gt;\r\n&lt;div class=&quot;data fax&quot;&gt;\r\n&lt;i class=&quot;fa fa-fax&quot;&gt;&lt;\\/i&gt;\r\n&lt;span class=&quot;fax-address&quot;&gt;\r\n&lt;a href=&quot;#&quot;&gt;22354863&lt;\\/a&gt;\r\n&lt;\\/span&gt;\r\n&lt;\\/div&gt;\r\n&lt;\\/li&gt;\r\n\r\n&lt;li class=&quot;contact&quot;&gt;\r\n&lt;div class=&quot;data contact&quot;&gt;\r\n&lt;i class=&quot;fa fa-phone&quot;&gt;&lt;\\/i&gt; \r\n&lt;span class=&quot;phone&quot;&gt;\r\n&lt;a href=&quot;#&quot;&gt;0123456789&lt;\\/a&gt;\r\n&lt;\\/span&gt;\r\n&lt;\\/div&gt;\r\n&lt;\\/li&gt;\r\n&lt;\\/ul&gt;\r\n&lt;\\/div&gt;"}},"status":"1"}');
INSERT INTO `oc_module` (`module_id`, `name`, `code`, `setting`) VALUES ('102', 'TT-CMS-Payment', 'html', '{"name":"TT-CMS-Payment","module_description":{"1":{"title":"","description":"&lt;div id=&quot;ttcmspaymentlogo&quot; class=&quot;col-md-3&quot;&gt;\r\n  &lt;div class=&quot;payment_logo_block&quot;&gt;\r\n&lt;div class=&quot;payment-title&quot;&gt;Accepted Payment Methods&lt;\\/div&gt;\r\n&lt;ul class=&quot;payment-list&quot;&gt;\r\n  &lt;li class=&quot;visa&quot;&gt;&lt;a href=&quot;#&quot;&gt; &lt;img alt=&quot;visa&quot; src=&quot;image\\/catalog\\/demo\\/banners\\/payment-visa.png&quot;&gt;&lt;\\/a&gt;&lt;\\/li&gt;\r\n&lt;li class=&quot;mastercard&quot;&gt;&lt;a href=&quot;#&quot;&gt; &lt;img alt=&quot;mastercard&quot; src=&quot;image\\/catalog\\/demo\\/banners\\/payment-mastercard.png&quot;&gt;&lt;\\/a&gt;&lt;\\/li&gt;\r\n&lt;li class=&quot;paypal&quot;&gt;&lt;a href=&quot;#&quot;&gt; &lt;img alt=&quot;paypal&quot; src=&quot;image\\/catalog\\/demo\\/banners\\/payment-paypal.png&quot;&gt;&lt;\\/a&gt;&lt;\\/li&gt;\r\n&lt;li class=&quot;cod&quot;&gt;&lt;a href=&quot;#&quot;&gt; &lt;img alt=&quot;paypal&quot; src=&quot;image\\/catalog\\/demo\\/banners\\/payment-cod.png&quot;&gt;&lt;\\/a&gt;&lt;\\/li&gt;\r\n&lt;li class=&quot;google&quot;&gt;&lt;a href=&quot;#&quot;&gt; &lt;img alt=&quot;paypal&quot; src=&quot;image\\/catalog\\/demo\\/banners\\/payment-google.png&quot;&gt;&lt;\\/a&gt;&lt;\\/li&gt;\r\n&lt;\\/ul&gt;\r\n&lt;\\/div&gt;\r\n&lt;\\/div&gt;"},"2":{"title":"","description":"&lt;div id=&quot;ttcmspaymentlogo&quot; class=&quot;col-md-3&quot;&gt;\r\n  &lt;div class=&quot;payment_logo_block&quot;&gt;\r\n&lt;div class=&quot;payment-title&quot;&gt;Accepted Payment Methods&lt;\\/div&gt;\r\n&lt;ul class=&quot;payment-list&quot;&gt;\r\n  &lt;li class=&quot;visa&quot;&gt;&lt;a href=&quot;#&quot;&gt; &lt;img alt=&quot;visa&quot; src=&quot;image\\/catalog\\/demo\\/banners\\/payment-visa.png&quot;&gt;&lt;\\/a&gt;&lt;\\/li&gt;\r\n&lt;li class=&quot;mastercard&quot;&gt;&lt;a href=&quot;#&quot;&gt; &lt;img alt=&quot;mastercard&quot; src=&quot;image\\/catalog\\/demo\\/banners\\/payment-mastercard.png&quot;&gt;&lt;\\/a&gt;&lt;\\/li&gt;\r\n&lt;li class=&quot;paypal&quot;&gt;&lt;a href=&quot;#&quot;&gt; &lt;img alt=&quot;paypal&quot; src=&quot;image\\/catalog\\/demo\\/banners\\/payment-paypal.png&quot;&gt;&lt;\\/a&gt;&lt;\\/li&gt;\r\n&lt;li class=&quot;cod&quot;&gt;&lt;a href=&quot;#&quot;&gt; &lt;img alt=&quot;paypal&quot; src=&quot;image\\/catalog\\/demo\\/banners\\/payment-cod.png&quot;&gt;&lt;\\/a&gt;&lt;\\/li&gt;\r\n&lt;li class=&quot;google&quot;&gt;&lt;a href=&quot;#&quot;&gt; &lt;img alt=&quot;paypal&quot; src=&quot;image\\/catalog\\/demo\\/banners\\/payment-google.png&quot;&gt;&lt;\\/a&gt;&lt;\\/li&gt;\r\n&lt;\\/ul&gt;\r\n&lt;\\/div&gt;\r\n&lt;\\/div&gt;"}},"status":"1"}');
INSERT INTO `oc_module` (`module_id`, `name`, `code`, `setting`) VALUES ('93', 'TT-Newslatter', 'ttnewslettersubscribe', '{"name":"TT-Newslatter","popup":"0","status":"1","newslettersubscribe_unsubscribe":"1","newslettersubscribe_mail_status":"1","newslettersubscribe_thickbox":"1","newslettersubscribe_registered":"1","store_id":"0","to":"sendall","customer_group_id":"1","customers":"","affiliates":"","products":"","subject":"","message":""}');
INSERT INTO `oc_module` (`module_id`, `name`, `code`, `setting`) VALUES ('53', 'TT-CMS-FollowUs', 'html', '{"name":"TT-CMS-FollowUs","module_description":{"1":{"title":"","description":"&lt;div class=&quot;follow-us&quot;&gt;\r\n&lt;h5&gt;Follow us&lt;\\/h5&gt;\r\n&lt;ul class=&quot;list-unstyled&quot;&gt;\r\n\t &lt;li class=&quot;facebook&quot;&gt;\r\n\t\t&lt;a target=&quot;_blank&quot; class=&quot;_blank&quot; href=&quot;#&quot; title=&quot;Facebook&quot;&gt;\r\n\t\t&lt;i class=&quot;fa fa-facebook&quot;&gt;&lt;\\/i&gt;\r\n\t\t&lt;\\/a&gt;\r\n\t&lt;\\/li&gt;\r\n\t&lt;li class=&quot;twitter&quot;&gt;\r\n\t\t&lt;a target=&quot;_blank&quot; class=&quot;_blank&quot; href=&quot;#&quot; title=&quot;Twitter&quot;&gt;\r\n\t\t&lt;i class=&quot;fa fa-twitter&quot;&gt;&lt;\\/i&gt;\r\n\t\t&lt;\\/a&gt;\r\n\t&lt;\\/li&gt;\r\n\t&lt;li class=&quot;rss&quot;&gt;\r\n\t\t&lt;a target=&quot;_blank&quot; class=&quot;_blank&quot; href=&quot;#&quot; title=&quot;RSS&quot;&gt;\r\n\t\t&lt;i class=&quot;fa fa-rss&quot;&gt;&lt;\\/i&gt;\r\n\t\t&lt;\\/a&gt;\r\n\t&lt;\\/li&gt;\r\n\t&lt;li class=&quot;google-plus&quot;&gt;\r\n\t\t&lt;a target=&quot;_blank&quot; class=&quot;_blank&quot; href=&quot;#&quot; rel=&quot;publisher&quot; title=&quot;Google Plus&quot;&gt;\r\n\t\t&lt;i class=&quot;fa fa-google-plus&quot;&gt;&lt;\\/i&gt;\r\n\t\t&lt;\\/a&gt;\r\n\t&lt;\\/li&gt;\r\n\t&lt;li class=&quot;pinterest&quot;&gt;\r\n\t\t&lt;a target=&quot;_blank&quot; class=&quot;_blank&quot; href=&quot;#&quot; rel=&quot;publisher&quot; title=&quot;pinterest&quot;&gt;\r\n\t\t&lt;i aria-hidden=&quot;true&quot; class=&quot;fa fa-pinterest-p&quot;&gt;&lt;\\/i&gt;\r\n\t\t&lt;\\/a&gt;\r\n\t&lt;\\/li&gt;\r\n\t&lt;li class=&quot;instagram&quot;&gt;\r\n\t\t&lt;a target=&quot;_blank&quot; class=&quot;_blank&quot; href=&quot;#&quot; rel=&quot;publisher&quot; title=&quot;instagram&quot;&gt;\r\n\t\t&lt;i aria-hidden=&quot;true&quot; class=&quot;fa fa-instagram&quot;&gt;&lt;\\/i&gt;\r\n\t\t&lt;\\/a&gt;\r\n\t&lt;\\/li&gt;\r\n\r\n&lt;\\/ul&gt;\r\n&lt;\\/div&gt;"},"2":{"title":"","description":"&lt;div class=&quot;follow-us&quot;&gt;\r\n&lt;h5&gt;Follow us&lt;\\/h5&gt;\r\n&lt;ul class=&quot;list-unstyled&quot;&gt;\r\n\t &lt;li class=&quot;facebook&quot;&gt;\r\n\t\t&lt;a target=&quot;_blank&quot; class=&quot;_blank&quot; href=&quot;#&quot; title=&quot;Facebook&quot;&gt;\r\n\t\t&lt;i class=&quot;fa fa-facebook&quot;&gt;&lt;\\/i&gt;\r\n\t\t&lt;\\/a&gt;\r\n\t&lt;\\/li&gt;\r\n\t&lt;li class=&quot;twitter&quot;&gt;\r\n\t\t&lt;a target=&quot;_blank&quot; class=&quot;_blank&quot; href=&quot;#&quot; title=&quot;Twitter&quot;&gt;\r\n\t\t&lt;i class=&quot;fa fa-twitter&quot;&gt;&lt;\\/i&gt;\r\n\t\t&lt;\\/a&gt;\r\n\t&lt;\\/li&gt;\r\n\t&lt;li class=&quot;rss&quot;&gt;\r\n\t\t&lt;a target=&quot;_blank&quot; class=&quot;_blank&quot; href=&quot;#&quot; title=&quot;RSS&quot;&gt;\r\n\t\t&lt;i class=&quot;fa fa-rss&quot;&gt;&lt;\\/i&gt;\r\n\t\t&lt;\\/a&gt;\r\n\t&lt;\\/li&gt;\r\n\t&lt;li class=&quot;google-plus&quot;&gt;\r\n\t\t&lt;a target=&quot;_blank&quot; class=&quot;_blank&quot; href=&quot;#&quot; rel=&quot;publisher&quot; title=&quot;Google Plus&quot;&gt;\r\n\t\t&lt;i class=&quot;fa fa-google-plus&quot;&gt;&lt;\\/i&gt;\r\n\t\t&lt;\\/a&gt;\r\n\t&lt;\\/li&gt;\r\n\t&lt;li class=&quot;pinterest&quot;&gt;\r\n\t\t&lt;a target=&quot;_blank&quot; class=&quot;_blank&quot; href=&quot;#&quot; rel=&quot;publisher&quot; title=&quot;pinterest&quot;&gt;\r\n\t\t&lt;i aria-hidden=&quot;true&quot; class=&quot;fa fa-pinterest-p&quot;&gt;&lt;\\/i&gt;\r\n\t\t&lt;\\/a&gt;\r\n\t&lt;\\/li&gt;\r\n\t&lt;li class=&quot;instagram&quot;&gt;\r\n\t\t&lt;a target=&quot;_blank&quot; class=&quot;_blank&quot; href=&quot;#&quot; rel=&quot;publisher&quot; title=&quot;instagram&quot;&gt;\r\n\t\t&lt;i aria-hidden=&quot;true&quot; class=&quot;fa fa-instagram&quot;&gt;&lt;\\/i&gt;\r\n\t\t&lt;\\/a&gt;\r\n\t&lt;\\/li&gt;\r\n\r\n&lt;\\/ul&gt;\r\n&lt;\\/div&gt;"}},"status":"1"}');
INSERT INTO `oc_module` (`module_id`, `name`, `code`, `setting`) VALUES ('56', 'TT-CMS-Footer-Services', 'html', '{"name":"TT-CMS-Footer-Services","module_description":{"1":{"title":"","description":"&lt;div id=&quot;ttcmsfooterservice&quot; class=&quot;col-sm-12&quot;&gt;\r\n  &lt;div class=&quot;ttcmsservice-content&quot;&gt;\r\n&lt;div class=&quot;ttshipping service col-sm-3 col-xs-3&quot;&gt;\r\n&lt;div class=&quot;service-icon-background&quot;&gt;\r\n&lt;div class=&quot;ttshipping_img service-icon&quot;&gt;&lt;\\/div&gt;\r\n&lt;\\/div&gt;\r\n&lt;div class=&quot;service-content&quot;&gt;\r\n&lt;div class=&quot;service-title&quot;&gt;Free Shipping&lt;\\/div&gt;\r\n&lt;div class=&quot;service-desc&quot;&gt;Deliver to door&lt;\\/div&gt;\r\n&lt;\\/div&gt;\r\n&lt;\\/div&gt;\r\n&lt;div class=&quot;ttsupport service col-sm-3 col-xs-3&quot;&gt;\r\n&lt;div class=&quot;service-icon-background&quot;&gt;\r\n&lt;div class=&quot;ttsupport_img service-icon&quot;&gt;&lt;\\/div&gt;\r\n&lt;\\/div&gt;\r\n&lt;div class=&quot;service-content&quot;&gt;\r\n&lt;div class=&quot;service-title&quot;&gt;24*7 Support&lt;\\/div&gt;\r\n&lt;div class=&quot;service-desc&quot;&gt;in safe hands&lt;\\/div&gt;\r\n&lt;\\/div&gt;\r\n&lt;\\/div&gt;\r\n&lt;div class=&quot;ttsaving service col-sm-3 col-xs-3&quot;&gt;\r\n&lt;div class=&quot;service-icon-background&quot;&gt;\r\n&lt;div class=&quot;ttsaving_img service-icon&quot;&gt;&lt;\\/div&gt;\r\n&lt;\\/div&gt;\r\n&lt;div class=&quot;service-content&quot;&gt;\r\n&lt;div class=&quot;service-title&quot;&gt;big saving&lt;\\/div&gt;\r\n&lt;div class=&quot;service-desc&quot;&gt;at lowest price&lt;\\/div&gt;\r\n&lt;\\/div&gt;\r\n&lt;\\/div&gt;\r\n&lt;div class=&quot;ttmoney service col-sm-3 col-xs-3&quot;&gt;\r\n&lt;div class=&quot;service-icon-background&quot;&gt;\r\n&lt;div class=&quot;ttmoney_img service-icon&quot;&gt;&lt;\\/div&gt;\r\n&lt;\\/div&gt;\r\n&lt;div class=&quot;service-content&quot;&gt;\r\n&lt;div class=&quot;service-title&quot;&gt;money back&lt;\\/div&gt;\r\n&lt;div class=&quot;service-desc&quot;&gt;easy to return&lt;\\/div&gt;\r\n&lt;\\/div&gt;\r\n&lt;\\/div&gt;\r\n&lt;div class=&quot;ttexchange service col-sm-3 col-xs-3&quot;&gt;\r\n&lt;div class=&quot;service-icon-background&quot;&gt;\r\n&lt;div class=&quot;ttexchange_img service-icon&quot;&gt;&lt;\\/div&gt;\r\n&lt;\\/div&gt;\r\n&lt;div class=&quot;service-content&quot;&gt;\r\n&lt;div class=&quot;service-title&quot;&gt;exchange offer&lt;\\/div&gt;\r\n&lt;div class=&quot;service-desc&quot;&gt;easy to exchange&lt;\\/div&gt;\r\n&lt;\\/div&gt;\r\n&lt;\\/div&gt;\r\n&lt;\\/div&gt;\r\n&lt;\\/div&gt;"},"2":{"title":"","description":"&lt;div id=&quot;ttcmsfooterservice&quot; class=&quot;col-sm-12&quot;&gt;\r\n  &lt;div class=&quot;ttcmsservice-content&quot;&gt;\r\n&lt;div class=&quot;ttshipping service col-sm-3 col-xs-3&quot;&gt;\r\n&lt;div class=&quot;service-icon-background&quot;&gt;\r\n&lt;div class=&quot;ttshipping_img service-icon&quot;&gt;&lt;\\/div&gt;\r\n&lt;\\/div&gt;\r\n&lt;div class=&quot;service-content&quot;&gt;\r\n&lt;div class=&quot;service-title&quot;&gt;Free Shipping&lt;\\/div&gt;\r\n&lt;div class=&quot;service-desc&quot;&gt;Deliver to door&lt;\\/div&gt;\r\n&lt;\\/div&gt;\r\n&lt;\\/div&gt;\r\n&lt;div class=&quot;ttsupport service col-sm-3 col-xs-3&quot;&gt;\r\n&lt;div class=&quot;service-icon-background&quot;&gt;\r\n&lt;div class=&quot;ttsupport_img service-icon&quot;&gt;&lt;\\/div&gt;\r\n&lt;\\/div&gt;\r\n&lt;div class=&quot;service-content&quot;&gt;\r\n&lt;div class=&quot;service-title&quot;&gt;24*7 Support&lt;\\/div&gt;\r\n&lt;div class=&quot;service-desc&quot;&gt;in safe hands&lt;\\/div&gt;\r\n&lt;\\/div&gt;\r\n&lt;\\/div&gt;\r\n&lt;div class=&quot;ttsaving service col-sm-3 col-xs-3&quot;&gt;\r\n&lt;div class=&quot;service-icon-background&quot;&gt;\r\n&lt;div class=&quot;ttsaving_img service-icon&quot;&gt;&lt;\\/div&gt;\r\n&lt;\\/div&gt;\r\n&lt;div class=&quot;service-content&quot;&gt;\r\n&lt;div class=&quot;service-title&quot;&gt;big saving&lt;\\/div&gt;\r\n&lt;div class=&quot;service-desc&quot;&gt;at lowest price&lt;\\/div&gt;\r\n&lt;\\/div&gt;\r\n&lt;\\/div&gt;\r\n&lt;div class=&quot;ttmoney service col-sm-3 col-xs-3&quot;&gt;\r\n&lt;div class=&quot;service-icon-background&quot;&gt;\r\n&lt;div class=&quot;ttmoney_img service-icon&quot;&gt;&lt;\\/div&gt;\r\n&lt;\\/div&gt;\r\n&lt;div class=&quot;service-content&quot;&gt;\r\n&lt;div class=&quot;service-title&quot;&gt;money back&lt;\\/div&gt;\r\n&lt;div class=&quot;service-desc&quot;&gt;easy to return&lt;\\/div&gt;\r\n&lt;\\/div&gt;\r\n&lt;\\/div&gt;\r\n&lt;div class=&quot;ttexchange service col-sm-3 col-xs-3&quot;&gt;\r\n&lt;div class=&quot;service-icon-background&quot;&gt;\r\n&lt;div class=&quot;ttexchange_img service-icon&quot;&gt;&lt;\\/div&gt;\r\n&lt;\\/div&gt;\r\n&lt;div class=&quot;service-content&quot;&gt;\r\n&lt;div class=&quot;service-title&quot;&gt;exchange offer&lt;\\/div&gt;\r\n&lt;div class=&quot;service-desc&quot;&gt;easy to exchange&lt;\\/div&gt;\r\n&lt;\\/div&gt;\r\n&lt;\\/div&gt;\r\n&lt;\\/div&gt;\r\n&lt;\\/div&gt;"}},"status":"1"}');
INSERT INTO `oc_module` (`module_id`, `name`, `code`, `setting`) VALUES ('76', 'TT-CMS-footer', 'html', '{"name":"TT-CMS-footer","module_description":{"1":{"title":"","description":"&lt;div id=&quot;ttcmsfooter&quot;&gt;\r\n\t    &lt;div class=&quot;ttfooter&quot;&gt;\r\n&lt;p&gt;&lt;img src=&quot;image\\/catalog\\/demo\\/banners\\/footer-logo.png&quot; alt=&quot;footer-logo&quot;&gt;&lt;\\/p&gt;\r\n&lt;div&gt;Claritas processus dynamicus sequitu consution Claritas processus.&lt;\\/div&gt;\r\n&lt;div class=&quot;wallmart_logo_block&quot;&gt;\r\n&lt;ul class=&quot;wallmart-list&quot;&gt;\r\n&lt;li class=&quot;checked&quot;&gt;&lt;a href=&quot;#&quot;&gt; &lt;img alt=&quot;checked&quot; src=&quot;image\\/catalog\\/demo\\/banners\\/hallmarks-checked.png&quot;&gt;&lt;\\/a&gt;&lt;\\/li&gt;\r\n&lt;li class=&quot;pro&quot;&gt;&lt;a href=&quot;#&quot;&gt; &lt;img alt=&quot;pro&quot; src=&quot;image\\/catalog\\/demo\\/banners\\/hallmarks-pro.png&quot;&gt;&lt;\\/a&gt;&lt;\\/li&gt;\r\n&lt;li class=&quot;qualified&quot;&gt;&lt;a href=&quot;#&quot;&gt; &lt;img alt=&quot;qualified&quot; src=&quot;image\\/catalog\\/demo\\/banners\\/hallmarks-qualified.png&quot;&gt;&lt;\\/a&gt;&lt;\\/li&gt;\r\n&lt;\\/ul&gt;\r\n&lt;\\/div&gt;\r\n&lt;\\/div&gt;\r\n&lt;\\/div&gt;"},"2":{"title":"","description":"&lt;div id=&quot;ttcmsfooter&quot;&gt;\r\n\t    &lt;div class=&quot;ttfooter&quot;&gt;\r\n&lt;p&gt;&lt;img src=&quot;image\\/catalog\\/demo\\/banners\\/footer-logo.png&quot; alt=&quot;footer-logo&quot;&gt;&lt;\\/p&gt;\r\n&lt;div&gt;Claritas processus dynamicus sequitu consution Claritas processus.&lt;\\/div&gt;\r\n&lt;div class=&quot;wallmart_logo_block&quot;&gt;\r\n&lt;ul class=&quot;wallmart-list&quot;&gt;\r\n&lt;li class=&quot;checked&quot;&gt;&lt;a href=&quot;#&quot;&gt; &lt;img alt=&quot;checked&quot; src=&quot;image\\/catalog\\/demo\\/banners\\/hallmarks-checked.png&quot;&gt;&lt;\\/a&gt;&lt;\\/li&gt;\r\n&lt;li class=&quot;pro&quot;&gt;&lt;a href=&quot;#&quot;&gt; &lt;img alt=&quot;pro&quot; src=&quot;image\\/catalog\\/demo\\/banners\\/hallmarks-pro.png&quot;&gt;&lt;\\/a&gt;&lt;\\/li&gt;\r\n&lt;li class=&quot;qualified&quot;&gt;&lt;a href=&quot;#&quot;&gt; &lt;img alt=&quot;qualified&quot; src=&quot;image\\/catalog\\/demo\\/banners\\/hallmarks-qualified.png&quot;&gt;&lt;\\/a&gt;&lt;\\/li&gt;\r\n&lt;\\/ul&gt;\r\n&lt;\\/div&gt;\r\n&lt;\\/div&gt;\r\n&lt;\\/div&gt;"}},"status":"1"}');
INSERT INTO `oc_module` (`module_id`, `name`, `code`, `setting`) VALUES ('80', 'TT-Category-tab', 'tt_category_tab', '{"name":"TT-Category-tab","category_name":"","category":["65","68","66"],"limit":"15","width":"300","height":"300","status":"1"}');
INSERT INTO `oc_module` (`module_id`, `name`, `code`, `setting`) VALUES ('81', 'Special-Countdown', 'tt_special_countdown', '{"name":"Special-Countdown","limit":"5","width":"294","height":"294","status":"1"}');
INSERT INTO `oc_module` (`module_id`, `name`, `code`, `setting`) VALUES ('94', 'TT-Popup-Newslatter', 'ttnewslettersubscribe', '{"name":"TT-Popup-Newslatter","popup":"1","status":"1","newslettersubscribe_unsubscribe":"1","newslettersubscribe_mail_status":"1","newslettersubscribe_thickbox":"1","newslettersubscribe_registered":"1","store_id":"0","to":"sendall","customer_group_id":"1","customers":"","affiliates":"","products":"","subject":"","message":""}');
INSERT INTO `oc_module` (`module_id`, `name`, `code`, `setting`) VALUES ('86', 'TT-CMS-Banner', 'html', '{"name":"TT-CMS-Banner","module_description":{"1":{"title":"","description":"&lt;div id=&quot;ttcmsbanner&quot;&gt;\r\n\t  &lt;div class=&quot;ttcmsbanner container&quot;&gt;\r\n &lt;div class=&quot;ttbannerinner&quot;&gt;       \r\n&lt;div class=&quot;row&quot;&gt;\r\n&lt;div class=&quot;ttbanner-img1 ttbanner col-sm-4 col-xs-4&quot;&gt;&lt;a href=&quot;#&quot;&gt;&lt;img alt=&quot;banner-01&quot; src=&quot;image\\/catalog\\/demo\\/banners\\/banner-01.jpg&quot;&gt;&lt;\\/a&gt;&lt;\\/div&gt;\r\n&lt;div class=&quot;ttbanner-img2 ttbanner col-sm-4 col-xs-4&quot;&gt;&lt;a href=&quot;#&quot;&gt;&lt;img alt=&quot;banner-02&quot; src=&quot;image\\/catalog\\/demo\\/banners\\/banner-02.jpg&quot;&gt;&lt;\\/a&gt;&lt;\\/div&gt;\r\n&lt;div class=&quot;ttbanner-img3 ttbanner col-sm-4 col-xs-4&quot;&gt;&lt;a href=&quot;#&quot;&gt;&lt;img alt=&quot;banner-03&quot; src=&quot;image\\/catalog\\/demo\\/banners\\/banner-03.jpg&quot;&gt;&lt;\\/a&gt;&lt;\\/div&gt;\r\n&lt;\\/div&gt;\r\n&lt;\\/div&gt;\r\n\t&lt;\\/div&gt;&lt;\\/div&gt;\r\n"},"2":{"title":"","description":"&lt;div id=&quot;ttcmsbanner&quot;&gt;\r\n\t  &lt;div class=&quot;ttcmsbanner container&quot;&gt;\r\n&lt;div class=&quot;ttbannerinner&quot;&gt;        \r\n&lt;div class=&quot;row&quot;&gt;\r\n&lt;div class=&quot;ttbanner-img1 ttbanner col-sm-4 col-xs-4&quot;&gt;&lt;a href=&quot;#&quot;&gt;&lt;img alt=&quot;banner-01&quot; src=&quot;image\\/catalog\\/demo\\/banners\\/banner-01.jpg&quot;&gt;&lt;\\/a&gt;&lt;\\/div&gt;\r\n&lt;div class=&quot;ttbanner-img2 ttbanner col-sm-4 col-xs-4&quot;&gt;&lt;a href=&quot;#&quot;&gt;&lt;img alt=&quot;banner-02&quot; src=&quot;image\\/catalog\\/demo\\/banners\\/banner-02.jpg&quot;&gt;&lt;\\/a&gt;&lt;\\/div&gt;\r\n&lt;div class=&quot;ttbanner-img3 ttbanner col-sm-4 col-xs-4&quot;&gt;&lt;a href=&quot;#&quot;&gt;&lt;img alt=&quot;banner-03&quot; src=&quot;image\\/catalog\\/demo\\/banners\\/banner-03.jpg&quot;&gt;&lt;\\/a&gt;&lt;\\/div&gt;\r\n&lt;\\/div&gt;\r\n&lt;\\/div&gt;\r\n\t&lt;\\/div&gt;\r\n&lt;\\/div&gt;"}},"status":"1"}');
INSERT INTO `oc_module` (`module_id`, `name`, `code`, `setting`) VALUES ('95', 'TT-CMS-Bottom-Banner', 'html', '{"name":"TT-CMS-Bottom-Banner","module_description":{"1":{"title":"","description":"&lt;div id=&quot;ttcmsbottombanner&quot;&gt;\r\n\t  &lt;div class=&quot;ttcmsbottombanner&quot;&gt;\r\n&lt;div class=&quot;row&quot;&gt;\r\n&lt;div class=&quot;ttbanner-img1 ttbanner col-sm-6 col-xs-6&quot;&gt;&lt;a href=&quot;#&quot;&gt;&lt;img alt=&quot;bottombanner-01&quot; src=&quot;image\\/catalog\\/demo\\/banners\\/bottombanner-01.jpg&quot;&gt;&lt;\\/a&gt;&lt;\\/div&gt;\r\n&lt;div class=&quot;ttbanner-img2 ttbanner col-sm-6 col-xs-6&quot;&gt;&lt;a href=&quot;#&quot;&gt;&lt;img alt=&quot;bottombanner-02&quot; src=&quot;image\\/catalog\\/demo\\/banners\\/bottombanner-02.jpg&quot;&gt;&lt;\\/a&gt;&lt;\\/div&gt;\r\n&lt;\\/div&gt;\r\n&lt;\\/div&gt;\r\n\t&lt;\\/div&gt;"},"2":{"title":"","description":"&lt;div id=&quot;ttcmsbottombanner&quot;&gt;\r\n\t  &lt;div class=&quot;ttcmsbottombanner&quot;&gt;\r\n&lt;div class=&quot;row&quot;&gt;\r\n&lt;div class=&quot;ttbanner-img1 ttbanner col-sm-6 col-xs-6&quot;&gt;&lt;a href=&quot;#&quot;&gt;&lt;img alt=&quot;bottombanner-01&quot; src=&quot;image\\/catalog\\/demo\\/banners\\/bottombanner-01.jpg&quot;&gt;&lt;\\/a&gt;&lt;\\/div&gt;\r\n&lt;div class=&quot;ttbanner-img2 ttbanner col-sm-6 col-xs-6&quot;&gt;&lt;a href=&quot;#&quot;&gt;&lt;img alt=&quot;bottombanner-02&quot; src=&quot;image\\/catalog\\/demo\\/banners\\/bottombanner-02.jpg&quot;&gt;&lt;\\/a&gt;&lt;\\/div&gt;\r\n&lt;\\/div&gt;\r\n&lt;\\/div&gt;\r\n\t&lt;\\/div&gt;"}},"status":"1"}');
INSERT INTO `oc_module` (`module_id`, `name`, `code`, `setting`) VALUES ('106', 'TT-CMS-Testimonial', 'html', '{"name":"TT-CMS-Testimonial","module_description":{"1":{"title":"","description":"&lt;div id=&quot;ttcmstestimonial&quot;&gt;\r\n&lt;div class=&quot;tttestimonial&quot;&gt;\r\n&lt;h3 class=&quot;title_block&quot;&gt;Testimonials&lt;\\/h3&gt;\r\n&lt;div class=&quot;tttestimonial-content&quot;&gt;\r\n&lt;div class=&quot;tttestimonial-inner&quot;&gt;\r\n&lt;ul id=&quot;tttestimonial-carousel&quot; class=&quot;tt-carousel&quot;&gt;\r\n&lt;li&gt;\r\n&lt;div class=&quot;testimonial-image&quot;&gt;&lt;img alt=&quot;&quot; src=&quot;image\\/catalog\\/demo\\/banners\\/user1.jpg&quot;&gt;&lt;\\/div&gt;\r\n&lt;div class=&quot;testimonial-user-title&quot;&gt;\r\n&lt;h4&gt;John Duff&lt;\\/h4&gt;\r\n&lt;span class=&quot;tttestimonial-subtitle&quot;&gt;Producer&lt;\\/span&gt;\r\n&lt;\\/div&gt;\r\n&lt;div class=&quot;testimonial-desc&quot;&gt;\r\n&lt;p&gt;&quot;Duis faucibus enim vitae nunc molestie, nec facilisis arcu pulvinar nullam mattis..&quot;&lt;\\/p&gt;\r\n&lt;\\/div&gt;\r\n&lt;\\/li&gt;\r\n&lt;li&gt;\r\n&lt;div class=&quot;testimonial-image&quot;&gt;&lt;img alt=&quot;&quot; src=&quot;image\\/catalog\\/demo\\/banners\\/user2.jpg&quot;&gt;&lt;\\/div&gt;\r\n&lt;div class=&quot;testimonial-user-title&quot;&gt;\r\n&lt;h4&gt;John Duff&lt;\\/h4&gt;\r\n&lt;span class=&quot;tttestimonial-subtitle&quot;&gt;web designer&lt;\\/span&gt;\r\n&lt;\\/div&gt;\r\n&lt;div class=&quot;testimonial-desc&quot;&gt;\r\n&lt;p&gt;&quot;Duis faucibus enim vitae nunc molestie, nec facilisis arcu pulvinar nullam mattis..&quot;&lt;\\/p&gt;\r\n&lt;\\/div&gt;\r\n&lt;\\/li&gt;\r\n&lt;li&gt;\r\n&lt;div class=&quot;testimonial-image&quot;&gt;&lt;img alt=&quot;&quot; src=&quot;image\\/catalog\\/demo\\/banners\\/user3.jpg&quot;&gt;&lt;\\/div&gt;\r\n&lt;div class=&quot;testimonial-user-title&quot;&gt;\r\n&lt;h4&gt;John Duff&lt;\\/h4&gt;\r\n&lt;span class=&quot;tttestimonial-subtitle&quot;&gt;web developer&lt;\\/span&gt;\r\n&lt;\\/div&gt;\r\n&lt;div class=&quot;testimonial-desc&quot;&gt;\r\n&lt;p&gt;&quot;Duis faucibus enim vitae nunc molestie, nec facilisis arcu pulvinar nullam mattis..&quot;&lt;\\/p&gt;\r\n&lt;\\/div&gt;\r\n&lt;\\/li&gt;\r\n&lt;\\/ul&gt;\r\n&lt;\\/div&gt;\r\n&lt;\\/div&gt;\r\n&lt;\\/div&gt;  \r\n&lt;\\/div&gt;"},"2":{"title":"","description":""}},"status":"1"}');
INSERT INTO `oc_module` (`module_id`, `name`, `code`, `setting`) VALUES ('98', 'Left-Bestseller', 'bestseller', '{"name":"Left-Bestseller","limit":"10","width":"300","height":"300","status":"1"}');
INSERT INTO `oc_module` (`module_id`, `name`, `code`, `setting`) VALUES ('99', 'special products', 'special', '{"name":"special products","limit":"5","width":"300","height":"300","status":"1"}');
INSERT INTO `oc_module` (`module_id`, `name`, `code`, `setting`) VALUES ('104', 'TT-category-Feature', 'tt_category_feature', '{"name":"TT-category-Feature","category":["20","89","85","26","25","65","66","67","68","69","70","71","84","72","73","74"],"limit":"9","width":"80","height":"80","status":"1"}');


TRUNCATE TABLE `oc_product_filter`;

INSERT INTO `oc_product_filter` (`product_id`, `filter_id`) VALUES ('30', '1');
INSERT INTO `oc_product_filter` (`product_id`, `filter_id`) VALUES ('30', '2');
INSERT INTO `oc_product_filter` (`product_id`, `filter_id`) VALUES ('30', '3');
INSERT INTO `oc_product_filter` (`product_id`, `filter_id`) VALUES ('30', '4');
INSERT INTO `oc_product_filter` (`product_id`, `filter_id`) VALUES ('30', '5');
INSERT INTO `oc_product_filter` (`product_id`, `filter_id`) VALUES ('30', '7');
INSERT INTO `oc_product_filter` (`product_id`, `filter_id`) VALUES ('30', '9');
INSERT INTO `oc_product_filter` (`product_id`, `filter_id`) VALUES ('32', '1');
INSERT INTO `oc_product_filter` (`product_id`, `filter_id`) VALUES ('32', '2');
INSERT INTO `oc_product_filter` (`product_id`, `filter_id`) VALUES ('32', '3');
INSERT INTO `oc_product_filter` (`product_id`, `filter_id`) VALUES ('32', '4');
INSERT INTO `oc_product_filter` (`product_id`, `filter_id`) VALUES ('32', '5');
INSERT INTO `oc_product_filter` (`product_id`, `filter_id`) VALUES ('32', '7');
INSERT INTO `oc_product_filter` (`product_id`, `filter_id`) VALUES ('32', '9');
INSERT INTO `oc_product_filter` (`product_id`, `filter_id`) VALUES ('36', '1');
INSERT INTO `oc_product_filter` (`product_id`, `filter_id`) VALUES ('36', '2');
INSERT INTO `oc_product_filter` (`product_id`, `filter_id`) VALUES ('36', '3');
INSERT INTO `oc_product_filter` (`product_id`, `filter_id`) VALUES ('36', '4');
INSERT INTO `oc_product_filter` (`product_id`, `filter_id`) VALUES ('36', '5');
INSERT INTO `oc_product_filter` (`product_id`, `filter_id`) VALUES ('36', '7');
INSERT INTO `oc_product_filter` (`product_id`, `filter_id`) VALUES ('36', '9');
INSERT INTO `oc_product_filter` (`product_id`, `filter_id`) VALUES ('42', '1');
INSERT INTO `oc_product_filter` (`product_id`, `filter_id`) VALUES ('42', '2');
INSERT INTO `oc_product_filter` (`product_id`, `filter_id`) VALUES ('42', '3');
INSERT INTO `oc_product_filter` (`product_id`, `filter_id`) VALUES ('42', '4');
INSERT INTO `oc_product_filter` (`product_id`, `filter_id`) VALUES ('42', '5');
INSERT INTO `oc_product_filter` (`product_id`, `filter_id`) VALUES ('42', '7');
INSERT INTO `oc_product_filter` (`product_id`, `filter_id`) VALUES ('42', '9');
INSERT INTO `oc_product_filter` (`product_id`, `filter_id`) VALUES ('47', '1');
INSERT INTO `oc_product_filter` (`product_id`, `filter_id`) VALUES ('47', '2');
INSERT INTO `oc_product_filter` (`product_id`, `filter_id`) VALUES ('47', '3');
INSERT INTO `oc_product_filter` (`product_id`, `filter_id`) VALUES ('47', '4');
INSERT INTO `oc_product_filter` (`product_id`, `filter_id`) VALUES ('47', '5');
INSERT INTO `oc_product_filter` (`product_id`, `filter_id`) VALUES ('47', '7');
INSERT INTO `oc_product_filter` (`product_id`, `filter_id`) VALUES ('47', '9');


TRUNCATE TABLE `oc_product_to_category`;

INSERT INTO `oc_product_to_category` (`product_id`, `category_id`) VALUES ('28', '20');
INSERT INTO `oc_product_to_category` (`product_id`, `category_id`) VALUES ('28', '25');
INSERT INTO `oc_product_to_category` (`product_id`, `category_id`) VALUES ('28', '27');
INSERT INTO `oc_product_to_category` (`product_id`, `category_id`) VALUES ('28', '65');
INSERT INTO `oc_product_to_category` (`product_id`, `category_id`) VALUES ('28', '68');
INSERT INTO `oc_product_to_category` (`product_id`, `category_id`) VALUES ('29', '20');
INSERT INTO `oc_product_to_category` (`product_id`, `category_id`) VALUES ('29', '65');
INSERT INTO `oc_product_to_category` (`product_id`, `category_id`) VALUES ('29', '66');
INSERT INTO `oc_product_to_category` (`product_id`, `category_id`) VALUES ('30', '20');
INSERT INTO `oc_product_to_category` (`product_id`, `category_id`) VALUES ('30', '25');
INSERT INTO `oc_product_to_category` (`product_id`, `category_id`) VALUES ('30', '65');
INSERT INTO `oc_product_to_category` (`product_id`, `category_id`) VALUES ('30', '66');
INSERT INTO `oc_product_to_category` (`product_id`, `category_id`) VALUES ('30', '68');
INSERT INTO `oc_product_to_category` (`product_id`, `category_id`) VALUES ('31', '65');
INSERT INTO `oc_product_to_category` (`product_id`, `category_id`) VALUES ('31', '66');
INSERT INTO `oc_product_to_category` (`product_id`, `category_id`) VALUES ('32', '20');
INSERT INTO `oc_product_to_category` (`product_id`, `category_id`) VALUES ('32', '25');
INSERT INTO `oc_product_to_category` (`product_id`, `category_id`) VALUES ('32', '65');
INSERT INTO `oc_product_to_category` (`product_id`, `category_id`) VALUES ('32', '68');
INSERT INTO `oc_product_to_category` (`product_id`, `category_id`) VALUES ('32', '70');
INSERT INTO `oc_product_to_category` (`product_id`, `category_id`) VALUES ('33', '20');
INSERT INTO `oc_product_to_category` (`product_id`, `category_id`) VALUES ('33', '28');
INSERT INTO `oc_product_to_category` (`product_id`, `category_id`) VALUES ('33', '65');
INSERT INTO `oc_product_to_category` (`product_id`, `category_id`) VALUES ('33', '66');
INSERT INTO `oc_product_to_category` (`product_id`, `category_id`) VALUES ('34', '25');
INSERT INTO `oc_product_to_category` (`product_id`, `category_id`) VALUES ('34', '65');
INSERT INTO `oc_product_to_category` (`product_id`, `category_id`) VALUES ('34', '66');
INSERT INTO `oc_product_to_category` (`product_id`, `category_id`) VALUES ('34', '68');
INSERT INTO `oc_product_to_category` (`product_id`, `category_id`) VALUES ('35', '20');
INSERT INTO `oc_product_to_category` (`product_id`, `category_id`) VALUES ('35', '65');
INSERT INTO `oc_product_to_category` (`product_id`, `category_id`) VALUES ('35', '66');
INSERT INTO `oc_product_to_category` (`product_id`, `category_id`) VALUES ('36', '25');
INSERT INTO `oc_product_to_category` (`product_id`, `category_id`) VALUES ('36', '65');
INSERT INTO `oc_product_to_category` (`product_id`, `category_id`) VALUES ('36', '66');
INSERT INTO `oc_product_to_category` (`product_id`, `category_id`) VALUES ('36', '68');
INSERT INTO `oc_product_to_category` (`product_id`, `category_id`) VALUES ('40', '20');
INSERT INTO `oc_product_to_category` (`product_id`, `category_id`) VALUES ('41', '20');
INSERT INTO `oc_product_to_category` (`product_id`, `category_id`) VALUES ('41', '25');
INSERT INTO `oc_product_to_category` (`product_id`, `category_id`) VALUES ('41', '27');
INSERT INTO `oc_product_to_category` (`product_id`, `category_id`) VALUES ('41', '65');
INSERT INTO `oc_product_to_category` (`product_id`, `category_id`) VALUES ('41', '66');
INSERT INTO `oc_product_to_category` (`product_id`, `category_id`) VALUES ('41', '68');
INSERT INTO `oc_product_to_category` (`product_id`, `category_id`) VALUES ('42', '20');
INSERT INTO `oc_product_to_category` (`product_id`, `category_id`) VALUES ('42', '25');
INSERT INTO `oc_product_to_category` (`product_id`, `category_id`) VALUES ('42', '28');
INSERT INTO `oc_product_to_category` (`product_id`, `category_id`) VALUES ('42', '65');
INSERT INTO `oc_product_to_category` (`product_id`, `category_id`) VALUES ('42', '66');
INSERT INTO `oc_product_to_category` (`product_id`, `category_id`) VALUES ('42', '68');
INSERT INTO `oc_product_to_category` (`product_id`, `category_id`) VALUES ('43', '20');
INSERT INTO `oc_product_to_category` (`product_id`, `category_id`) VALUES ('43', '25');
INSERT INTO `oc_product_to_category` (`product_id`, `category_id`) VALUES ('43', '65');
INSERT INTO `oc_product_to_category` (`product_id`, `category_id`) VALUES ('43', '66');
INSERT INTO `oc_product_to_category` (`product_id`, `category_id`) VALUES ('43', '68');
INSERT INTO `oc_product_to_category` (`product_id`, `category_id`) VALUES ('44', '20');
INSERT INTO `oc_product_to_category` (`product_id`, `category_id`) VALUES ('44', '72');
INSERT INTO `oc_product_to_category` (`product_id`, `category_id`) VALUES ('45', '29');
INSERT INTO `oc_product_to_category` (`product_id`, `category_id`) VALUES ('45', '66');
INSERT INTO `oc_product_to_category` (`product_id`, `category_id`) VALUES ('46', '20');
INSERT INTO `oc_product_to_category` (`product_id`, `category_id`) VALUES ('47', '20');
INSERT INTO `oc_product_to_category` (`product_id`, `category_id`) VALUES ('47', '25');
INSERT INTO `oc_product_to_category` (`product_id`, `category_id`) VALUES ('47', '65');
INSERT INTO `oc_product_to_category` (`product_id`, `category_id`) VALUES ('47', '66');
INSERT INTO `oc_product_to_category` (`product_id`, `category_id`) VALUES ('47', '68');
INSERT INTO `oc_product_to_category` (`product_id`, `category_id`) VALUES ('48', '20');
INSERT INTO `oc_product_to_category` (`product_id`, `category_id`) VALUES ('49', '65');
INSERT INTO `oc_product_to_category` (`product_id`, `category_id`) VALUES ('49', '66');


