TRUNCATE TABLE `oc_banner`;

INSERT INTO `oc_banner` (`banner_id`, `name`, `status`) VALUES ('6', 'Left-Banner', '1');
INSERT INTO `oc_banner` (`banner_id`, `name`, `status`) VALUES ('7', 'Home Page Slideshow', '1');
INSERT INTO `oc_banner` (`banner_id`, `name`, `status`) VALUES ('8', 'Manufacturers', '1');


TRUNCATE TABLE `oc_banner_image`;

INSERT INTO `oc_banner_image` (`banner_image_id`, `banner_id`, `language_id`, `title`, `link`, `image`, `sort_order`) VALUES ('132', '8', '2', 'Canon', '#', 'catalog/demo/manufacturer/brand-logo-06.png', '6');
INSERT INTO `oc_banner_image` (`banner_image_id`, `banner_id`, `language_id`, `title`, `link`, `image`, `sort_order`) VALUES ('131', '8', '2', 'Burger King', '#', 'catalog/demo/manufacturer/brand-logo-05.png', '5');
INSERT INTO `oc_banner_image` (`banner_image_id`, `banner_id`, `language_id`, `title`, `link`, `image`, `sort_order`) VALUES ('130', '8', '2', 'Coca Cola', '#', 'catalog/demo/manufacturer/brand-logo-04.png', '4');
INSERT INTO `oc_banner_image` (`banner_image_id`, `banner_id`, `language_id`, `title`, `link`, `image`, `sort_order`) VALUES ('129', '8', '2', 'Sony', '#', 'catalog/demo/manufacturer/brand-logo-03.png', '3');
INSERT INTO `oc_banner_image` (`banner_image_id`, `banner_id`, `language_id`, `title`, `link`, `image`, `sort_order`) VALUES ('128', '8', '2', 'RedBull', '#', 'catalog/demo/manufacturer/brand-logo-02.png', '2');
INSERT INTO `oc_banner_image` (`banner_image_id`, `banner_id`, `language_id`, `title`, `link`, `image`, `sort_order`) VALUES ('127', '8', '2', 'NFL', '#', 'catalog/demo/manufacturer/brand-logo-01.png', '1');
INSERT INTO `oc_banner_image` (`banner_image_id`, `banner_id`, `language_id`, `title`, `link`, `image`, `sort_order`) VALUES ('126', '8', '1', 'Dell', '#', 'catalog/demo/manufacturer/brand-logo-08.png', '8');
INSERT INTO `oc_banner_image` (`banner_image_id`, `banner_id`, `language_id`, `title`, `link`, `image`, `sort_order`) VALUES ('216', '6', '2', 'Left-Banner', '#', 'catalog/demo/banners/left-banner.jpg', '1');
INSERT INTO `oc_banner_image` (`banner_image_id`, `banner_id`, `language_id`, `title`, `link`, `image`, `sort_order`) VALUES ('215', '6', '1', 'Left-Banner', '#', 'catalog/demo/banners/left-banner.jpg', '1');
INSERT INTO `oc_banner_image` (`banner_image_id`, `banner_id`, `language_id`, `title`, `link`, `image`, `sort_order`) VALUES ('125', '8', '1', 'Harley Davidson', '#', 'catalog/demo/manufacturer/brand-logo-07.png', '7');
INSERT INTO `oc_banner_image` (`banner_image_id`, `banner_id`, `language_id`, `title`, `link`, `image`, `sort_order`) VALUES ('124', '8', '1', 'Canon', '#', 'catalog/demo/manufacturer/brand-logo-06.png', '6');
INSERT INTO `oc_banner_image` (`banner_image_id`, `banner_id`, `language_id`, `title`, `link`, `image`, `sort_order`) VALUES ('123', '8', '1', 'Burger King', '#', 'catalog/demo/manufacturer/brand-logo-05.png', '5');
INSERT INTO `oc_banner_image` (`banner_image_id`, `banner_id`, `language_id`, `title`, `link`, `image`, `sort_order`) VALUES ('122', '8', '1', 'Coca Cola', '#', 'catalog/demo/manufacturer/brand-logo-04.png', '4');
INSERT INTO `oc_banner_image` (`banner_image_id`, `banner_id`, `language_id`, `title`, `link`, `image`, `sort_order`) VALUES ('121', '8', '1', 'Sony', '#', 'catalog/demo/manufacturer/brand-logo-03.png', '3');
INSERT INTO `oc_banner_image` (`banner_image_id`, `banner_id`, `language_id`, `title`, `link`, `image`, `sort_order`) VALUES ('120', '8', '1', 'RedBull', '#', 'catalog/demo/manufacturer/brand-logo-02.png', '2');
INSERT INTO `oc_banner_image` (`banner_image_id`, `banner_id`, `language_id`, `title`, `link`, `image`, `sort_order`) VALUES ('119', '8', '1', 'NFL', '#', 'catalog/demo/manufacturer/brand-logo-01.png', '1');
INSERT INTO `oc_banner_image` (`banner_image_id`, `banner_id`, `language_id`, `title`, `link`, `image`, `sort_order`) VALUES ('133', '8', '2', 'Harley Davidson', '#', 'catalog/demo/manufacturer/brand-logo-07.png', '7');
INSERT INTO `oc_banner_image` (`banner_image_id`, `banner_id`, `language_id`, `title`, `link`, `image`, `sort_order`) VALUES ('134', '8', '2', 'Dell', '#', 'catalog/demo/manufacturer/brand-logo-08.png', '8');
INSERT INTO `oc_banner_image` (`banner_image_id`, `banner_id`, `language_id`, `title`, `link`, `image`, `sort_order`) VALUES ('264', '7', '2', 'slider-03', '#', '', '3');
INSERT INTO `oc_banner_image` (`banner_image_id`, `banner_id`, `language_id`, `title`, `link`, `image`, `sort_order`) VALUES ('263', '7', '2', 'slider-02', '#', 'catalog/demo/banners/slider-02.jpg', '2');
INSERT INTO `oc_banner_image` (`banner_image_id`, `banner_id`, `language_id`, `title`, `link`, `image`, `sort_order`) VALUES ('262', '7', '2', 'slider-01', '#', 'catalog/demo/banners/slider-01.jpg', '1');
INSERT INTO `oc_banner_image` (`banner_image_id`, `banner_id`, `language_id`, `title`, `link`, `image`, `sort_order`) VALUES ('261', '7', '1', 'slider-03', '#', '', '3');
INSERT INTO `oc_banner_image` (`banner_image_id`, `banner_id`, `language_id`, `title`, `link`, `image`, `sort_order`) VALUES ('260', '7', '1', 'slider-02', '#', 'catalog/demo/banners/slider-02.jpg', '2');
INSERT INTO `oc_banner_image` (`banner_image_id`, `banner_id`, `language_id`, `title`, `link`, `image`, `sort_order`) VALUES ('259', '7', '1', 'slider-01', '#', 'catalog/demo/banners/slider-01.jpg', '1');


TRUNCATE TABLE `oc_category`;

INSERT INTO `oc_category` (`category_id`, `image`, `parent_id`, `top`, `column`, `sort_order`, `status`, `date_added`, `date_modified`) VALUES ('25', 'catalog/demo/banners/categorybanner.jpg', '0', '1', '1', '3', '1', '2009-01-31 01:04:25', '2018-10-27 07:26:24');
INSERT INTO `oc_category` (`category_id`, `image`, `parent_id`, `top`, `column`, `sort_order`, `status`, `date_added`, `date_modified`) VALUES ('27', 'catalog/demo/banners/categorybanner.jpg', '20', '0', '0', '2', '1', '2009-01-31 01:55:34', '2018-10-27 07:19:31');
INSERT INTO `oc_category` (`category_id`, `image`, `parent_id`, `top`, `column`, `sort_order`, `status`, `date_added`, `date_modified`) VALUES ('20', 'catalog/demo/banners/categorybanner.jpg', '0', '1', '4', '1', '1', '2009-01-05 21:49:43', '2018-10-27 07:16:15');
INSERT INTO `oc_category` (`category_id`, `image`, `parent_id`, `top`, `column`, `sort_order`, `status`, `date_added`, `date_modified`) VALUES ('61', '', '26', '0', '1', '0', '1', '2017-11-29 05:21:00', '2017-11-29 05:21:30');
INSERT INTO `oc_category` (`category_id`, `image`, `parent_id`, `top`, `column`, `sort_order`, `status`, `date_added`, `date_modified`) VALUES ('28', 'catalog/demo/banners/categorybanner.jpg', '25', '0', '0', '1', '1', '2009-02-02 13:11:12', '2018-10-23 04:05:21');
INSERT INTO `oc_category` (`category_id`, `image`, `parent_id`, `top`, `column`, `sort_order`, `status`, `date_added`, `date_modified`) VALUES ('26', 'catalog/demo/banners/categorybanner.jpg', '20', '0', '0', '1', '1', '2009-01-31 01:55:14', '2018-10-27 07:22:32');
INSERT INTO `oc_category` (`category_id`, `image`, `parent_id`, `top`, `column`, `sort_order`, `status`, `date_added`, `date_modified`) VALUES ('29', 'catalog/demo/banners/categorybanner.jpg', '25', '0', '0', '1', '1', '2009-02-02 13:11:37', '2018-10-23 04:05:04');
INSERT INTO `oc_category` (`category_id`, `image`, `parent_id`, `top`, `column`, `sort_order`, `status`, `date_added`, `date_modified`) VALUES ('30', 'catalog/demo/banners/categorybanner.jpg', '25', '0', '0', '1', '1', '2009-02-02 13:11:59', '2018-10-23 04:05:44');
INSERT INTO `oc_category` (`category_id`, `image`, `parent_id`, `top`, `column`, `sort_order`, `status`, `date_added`, `date_modified`) VALUES ('31', 'catalog/demo/banners/categorybanner.jpg', '25', '0', '0', '1', '1', '2009-02-03 14:17:24', '2018-10-23 04:06:01');
INSERT INTO `oc_category` (`category_id`, `image`, `parent_id`, `top`, `column`, `sort_order`, `status`, `date_added`, `date_modified`) VALUES ('75', 'catalog/demo/banners/categorybanner.jpg', '66', '0', '0', '0', '1', '2018-03-24 11:42:31', '2018-10-27 07:32:13');
INSERT INTO `oc_category` (`category_id`, `image`, `parent_id`, `top`, `column`, `sort_order`, `status`, `date_added`, `date_modified`) VALUES ('62', '', '27', '0', '0', '0', '1', '2017-11-29 05:21:55', '2017-11-29 05:21:55');
INSERT INTO `oc_category` (`category_id`, `image`, `parent_id`, `top`, `column`, `sort_order`, `status`, `date_added`, `date_modified`) VALUES ('35', '', '28', '0', '0', '0', '1', '2010-09-17 10:06:48', '2010-09-18 14:02:42');
INSERT INTO `oc_category` (`category_id`, `image`, `parent_id`, `top`, `column`, `sort_order`, `status`, `date_added`, `date_modified`) VALUES ('36', '', '28', '0', '0', '0', '1', '2010-09-17 10:07:13', '2010-09-18 14:02:55');
INSERT INTO `oc_category` (`category_id`, `image`, `parent_id`, `top`, `column`, `sort_order`, `status`, `date_added`, `date_modified`) VALUES ('64', '', '27', '0', '0', '0', '1', '2017-11-29 05:22:56', '2017-11-29 05:22:56');
INSERT INTO `oc_category` (`category_id`, `image`, `parent_id`, `top`, `column`, `sort_order`, `status`, `date_added`, `date_modified`) VALUES ('63', '', '27', '0', '0', '0', '1', '2017-11-29 05:22:28', '2017-11-29 05:22:28');
INSERT INTO `oc_category` (`category_id`, `image`, `parent_id`, `top`, `column`, `sort_order`, `status`, `date_added`, `date_modified`) VALUES ('60', '', '26', '0', '0', '0', '1', '2017-11-29 05:20:34', '2017-11-29 05:20:34');
INSERT INTO `oc_category` (`category_id`, `image`, `parent_id`, `top`, `column`, `sort_order`, `status`, `date_added`, `date_modified`) VALUES ('59', '', '26', '0', '0', '0', '1', '2017-11-29 05:19:44', '2018-10-22 12:05:32');
INSERT INTO `oc_category` (`category_id`, `image`, `parent_id`, `top`, `column`, `sort_order`, `status`, `date_added`, `date_modified`) VALUES ('65', 'catalog/demo/banners/categorybanner.jpg', '0', '1', '0', '4', '1', '2017-11-30 08:12:55', '2018-10-27 07:34:11');
INSERT INTO `oc_category` (`category_id`, `image`, `parent_id`, `top`, `column`, `sort_order`, `status`, `date_added`, `date_modified`) VALUES ('66', 'catalog/demo/banners/categorybanner.jpg', '0', '1', '1', '5', '1', '2018-01-29 10:44:17', '2018-10-27 07:33:21');
INSERT INTO `oc_category` (`category_id`, `image`, `parent_id`, `top`, `column`, `sort_order`, `status`, `date_added`, `date_modified`) VALUES ('67', 'catalog/demo/banners/categorybanner.jpg', '0', '1', '1', '6', '1', '2018-01-31 04:32:11', '2018-10-27 07:27:55');
INSERT INTO `oc_category` (`category_id`, `image`, `parent_id`, `top`, `column`, `sort_order`, `status`, `date_added`, `date_modified`) VALUES ('68', 'catalog/demo/banners/categorybanner.jpg', '0', '1', '1', '7', '1', '2018-02-26 04:46:14', '2018-10-27 07:28:20');
INSERT INTO `oc_category` (`category_id`, `image`, `parent_id`, `top`, `column`, `sort_order`, `status`, `date_added`, `date_modified`) VALUES ('69', 'catalog/demo/banners/categorybanner.jpg', '0', '1', '1', '8', '1', '2018-02-26 04:49:02', '2018-10-27 07:39:03');
INSERT INTO `oc_category` (`category_id`, `image`, `parent_id`, `top`, `column`, `sort_order`, `status`, `date_added`, `date_modified`) VALUES ('70', 'catalog/demo/banners/categorybanner.jpg', '0', '1', '0', '9', '1', '2018-03-21 09:49:09', '2018-10-27 07:29:24');
INSERT INTO `oc_category` (`category_id`, `image`, `parent_id`, `top`, `column`, `sort_order`, `status`, `date_added`, `date_modified`) VALUES ('71', 'catalog/demo/banners/categorybanner.jpg', '0', '1', '0', '10', '1', '2018-03-21 09:50:13', '2018-10-27 07:28:50');
INSERT INTO `oc_category` (`category_id`, `image`, `parent_id`, `top`, `column`, `sort_order`, `status`, `date_added`, `date_modified`) VALUES ('72', 'catalog/demo/banners/categorybanner.jpg', '0', '1', '0', '11', '1', '2018-03-21 09:50:54', '2018-10-27 07:37:23');
INSERT INTO `oc_category` (`category_id`, `image`, `parent_id`, `top`, `column`, `sort_order`, `status`, `date_added`, `date_modified`) VALUES ('73', 'catalog/demo/banners/categorybanner.jpg', '0', '1', '0', '12', '1', '2018-03-21 09:51:48', '2018-10-27 07:37:47');
INSERT INTO `oc_category` (`category_id`, `image`, `parent_id`, `top`, `column`, `sort_order`, `status`, `date_added`, `date_modified`) VALUES ('74', 'catalog/demo/banners/categorybanner.jpg', '0', '1', '0', '13', '1', '2018-03-21 09:52:22', '2018-10-27 07:31:26');
INSERT INTO `oc_category` (`category_id`, `image`, `parent_id`, `top`, `column`, `sort_order`, `status`, `date_added`, `date_modified`) VALUES ('76', 'catalog/demo/banners/categorybanner.jpg', '66', '0', '0', '0', '1', '2018-03-24 11:44:09', '2018-10-27 07:30:47');
INSERT INTO `oc_category` (`category_id`, `image`, `parent_id`, `top`, `column`, `sort_order`, `status`, `date_added`, `date_modified`) VALUES ('77', 'catalog/demo/banners/categorybanner.jpg', '70', '0', '0', '0', '1', '2018-03-24 11:45:20', '2018-10-23 04:06:39');
INSERT INTO `oc_category` (`category_id`, `image`, `parent_id`, `top`, `column`, `sort_order`, `status`, `date_added`, `date_modified`) VALUES ('78', 'catalog/demo/banners/categorybanner.jpg', '70', '0', '1', '0', '1', '2018-03-24 11:46:34', '2018-10-23 04:06:58');
INSERT INTO `oc_category` (`category_id`, `image`, `parent_id`, `top`, `column`, `sort_order`, `status`, `date_added`, `date_modified`) VALUES ('79', 'catalog/demo/banners/categorybanner.jpg', '68', '0', '0', '0', '1', '2018-03-24 11:47:11', '2018-10-23 04:08:08');
INSERT INTO `oc_category` (`category_id`, `image`, `parent_id`, `top`, `column`, `sort_order`, `status`, `date_added`, `date_modified`) VALUES ('80', 'catalog/demo/banners/categorybanner.jpg', '68', '0', '1', '0', '1', '2018-03-24 11:47:41', '2018-10-23 04:07:51');
INSERT INTO `oc_category` (`category_id`, `image`, `parent_id`, `top`, `column`, `sort_order`, `status`, `date_added`, `date_modified`) VALUES ('81', 'catalog/demo/banners/categorybanner.jpg', '65', '0', '0', '0', '1', '2018-03-24 11:48:41', '2018-10-27 07:35:32');
INSERT INTO `oc_category` (`category_id`, `image`, `parent_id`, `top`, `column`, `sort_order`, `status`, `date_added`, `date_modified`) VALUES ('82', 'catalog/demo/banners/categorybanner.jpg', '65', '0', '0', '0', '1', '2018-03-24 11:49:15', '2018-10-27 07:35:56');
INSERT INTO `oc_category` (`category_id`, `image`, `parent_id`, `top`, `column`, `sort_order`, `status`, `date_added`, `date_modified`) VALUES ('84', 'catalog/demo/banners/categorybanner.jpg', '0', '1', '0', '14', '1', '2018-06-01 06:06:50', '2018-10-27 07:25:32');
INSERT INTO `oc_category` (`category_id`, `image`, `parent_id`, `top`, `column`, `sort_order`, `status`, `date_added`, `date_modified`) VALUES ('85', 'catalog/demo/banners/left-banner.jpg', '20', '0', '1', '0', '1', '2018-10-22 12:07:20', '2018-11-12 07:09:26');
INSERT INTO `oc_category` (`category_id`, `image`, `parent_id`, `top`, `column`, `sort_order`, `status`, `date_added`, `date_modified`) VALUES ('86', '', '85', '0', '1', '0', '1', '2018-10-22 12:08:21', '2018-10-27 07:24:32');
INSERT INTO `oc_category` (`category_id`, `image`, `parent_id`, `top`, `column`, `sort_order`, `status`, `date_added`, `date_modified`) VALUES ('87', '', '85', '0', '1', '0', '1', '2018-10-22 12:08:50', '2018-10-27 07:24:06');
INSERT INTO `oc_category` (`category_id`, `image`, `parent_id`, `top`, `column`, `sort_order`, `status`, `date_added`, `date_modified`) VALUES ('88', '', '85', '0', '1', '0', '1', '2018-10-22 12:09:16', '2018-10-27 07:23:44');
INSERT INTO `oc_category` (`category_id`, `image`, `parent_id`, `top`, `column`, `sort_order`, `status`, `date_added`, `date_modified`) VALUES ('89', 'catalog/demo/banners/categorybanner.jpg', '20', '0', '1', '0', '1', '2018-10-22 12:09:41', '2018-10-27 07:17:25');
INSERT INTO `oc_category` (`category_id`, `image`, `parent_id`, `top`, `column`, `sort_order`, `status`, `date_added`, `date_modified`) VALUES ('90', '', '89', '0', '1', '0', '1', '2018-10-22 12:10:11', '2018-10-27 07:18:11');
INSERT INTO `oc_category` (`category_id`, `image`, `parent_id`, `top`, `column`, `sort_order`, `status`, `date_added`, `date_modified`) VALUES ('91', '', '89', '0', '1', '0', '1', '2018-10-22 12:10:36', '2018-10-22 12:10:36');
INSERT INTO `oc_category` (`category_id`, `image`, `parent_id`, `top`, `column`, `sort_order`, `status`, `date_added`, `date_modified`) VALUES ('92', '', '89', '0', '1', '0', '1', '2018-10-22 12:11:12', '2018-10-27 07:18:40');


TRUNCATE TABLE `oc_category_description`;

INSERT INTO `oc_category_description` (`category_id`, `language_id`, `name`, `description`, `meta_title`, `meta_description`, `meta_keyword`) VALUES ('28', '1', 'Basenji', '', 'Basenji', '', '');
INSERT INTO `oc_category_description` (`category_id`, `language_id`, `name`, `description`, `meta_title`, `meta_description`, `meta_keyword`) VALUES ('75', '1', 'Toy boxes', '', 'Toy boxes', '', '');
INSERT INTO `oc_category_description` (`category_id`, `language_id`, `name`, `description`, `meta_title`, `meta_description`, `meta_keyword`) VALUES ('31', '1', 'Boerboel', '', 'Boerboel', '', '');
INSERT INTO `oc_category_description` (`category_id`, `language_id`, `name`, `description`, `meta_title`, `meta_description`, `meta_keyword`) VALUES ('30', '1', 'Beagle', '', 'Beagle', '', '');
INSERT INTO `oc_category_description` (`category_id`, `language_id`, `name`, `description`, `meta_title`, `meta_description`, `meta_keyword`) VALUES ('29', '1', 'Barbet', '', 'Barbet', '', '');
INSERT INTO `oc_category_description` (`category_id`, `language_id`, `name`, `description`, `meta_title`, `meta_description`, `meta_keyword`) VALUES ('60', '2', 'PC-02', '', 'PC-02', '', '');
INSERT INTO `oc_category_description` (`category_id`, `language_id`, `name`, `description`, `meta_title`, `meta_description`, `meta_keyword`) VALUES ('61', '1', 'PC-03', '', 'PC-03', '', '');
INSERT INTO `oc_category_description` (`category_id`, `language_id`, `name`, `description`, `meta_title`, `meta_description`, `meta_keyword`) VALUES ('35', '1', 'test 1', '', 'test 1', '', '');
INSERT INTO `oc_category_description` (`category_id`, `language_id`, `name`, `description`, `meta_title`, `meta_description`, `meta_keyword`) VALUES ('36', '1', 'test 2', '', 'test 2', '', '');
INSERT INTO `oc_category_description` (`category_id`, `language_id`, `name`, `description`, `meta_title`, `meta_description`, `meta_keyword`) VALUES ('59', '1', 'PC-01', '', 'PC-01', '', '');
INSERT INTO `oc_category_description` (`category_id`, `language_id`, `name`, `description`, `meta_title`, `meta_description`, `meta_keyword`) VALUES ('28', '2', 'Basenji', '', 'Basenji', '', '');
INSERT INTO `oc_category_description` (`category_id`, `language_id`, `name`, `description`, `meta_title`, `meta_description`, `meta_keyword`) VALUES ('31', '2', 'Boerboel', '', 'Boerboel', '', '');
INSERT INTO `oc_category_description` (`category_id`, `language_id`, `name`, `description`, `meta_title`, `meta_description`, `meta_keyword`) VALUES ('30', '2', 'Beagle', '', 'Beagle', '', '');
INSERT INTO `oc_category_description` (`category_id`, `language_id`, `name`, `description`, `meta_title`, `meta_description`, `meta_keyword`) VALUES ('29', '2', 'Barbet', '', 'Barbet', '', '');
INSERT INTO `oc_category_description` (`category_id`, `language_id`, `name`, `description`, `meta_title`, `meta_description`, `meta_keyword`) VALUES ('60', '1', 'PC-02', '', 'PC-02', '', '');
INSERT INTO `oc_category_description` (`category_id`, `language_id`, `name`, `description`, `meta_title`, `meta_description`, `meta_keyword`) VALUES ('61', '2', 'PC-03', '', 'PC-03', '', '');
INSERT INTO `oc_category_description` (`category_id`, `language_id`, `name`, `description`, `meta_title`, `meta_description`, `meta_keyword`) VALUES ('35', '2', 'test 1', '', 'test 1', '', '');
INSERT INTO `oc_category_description` (`category_id`, `language_id`, `name`, `description`, `meta_title`, `meta_description`, `meta_keyword`) VALUES ('36', '2', 'test 2', '', 'test 2', '', '');
INSERT INTO `oc_category_description` (`category_id`, `language_id`, `name`, `description`, `meta_title`, `meta_description`, `meta_keyword`) VALUES ('62', '1', 'Mac-01', '', 'Mac-01', '', '');
INSERT INTO `oc_category_description` (`category_id`, `language_id`, `name`, `description`, `meta_title`, `meta_description`, `meta_keyword`) VALUES ('62', '2', 'Mac-01', '', 'Mac-01', '', '');
INSERT INTO `oc_category_description` (`category_id`, `language_id`, `name`, `description`, `meta_title`, `meta_description`, `meta_keyword`) VALUES ('63', '1', 'Mac-02', '', 'Mac-02', '', '');
INSERT INTO `oc_category_description` (`category_id`, `language_id`, `name`, `description`, `meta_title`, `meta_description`, `meta_keyword`) VALUES ('63', '2', 'Mac-02', '', 'Mac-02', '', '');
INSERT INTO `oc_category_description` (`category_id`, `language_id`, `name`, `description`, `meta_title`, `meta_description`, `meta_keyword`) VALUES ('64', '1', 'Mac-03', '', 'Mac-03', '', '');
INSERT INTO `oc_category_description` (`category_id`, `language_id`, `name`, `description`, `meta_title`, `meta_description`, `meta_keyword`) VALUES ('64', '2', 'Mac-03', '', 'Mac-03', '', '');
INSERT INTO `oc_category_description` (`category_id`, `language_id`, `name`, `description`, `meta_title`, `meta_description`, `meta_keyword`) VALUES ('59', '2', 'PC-01', '', 'PC-01', '', '');
INSERT INTO `oc_category_description` (`category_id`, `language_id`, `name`, `description`, `meta_title`, `meta_description`, `meta_keyword`) VALUES ('67', '1', 'Swings', '', 'Swings', '', '');
INSERT INTO `oc_category_description` (`category_id`, `language_id`, `name`, `description`, `meta_title`, `meta_description`, `meta_keyword`) VALUES ('70', '2', 'Chair', '', 'Chair', '', '');
INSERT INTO `oc_category_description` (`category_id`, `language_id`, `name`, `description`, `meta_title`, `meta_description`, `meta_keyword`) VALUES ('72', '1', 'Night stand', '', 'Night stand', '', '');
INSERT INTO `oc_category_description` (`category_id`, `language_id`, `name`, `description`, `meta_title`, `meta_description`, `meta_keyword`) VALUES ('76', '2', 'Bookcases', '', 'Bookcases', '', '');
INSERT INTO `oc_category_description` (`category_id`, `language_id`, `name`, `description`, `meta_title`, `meta_description`, `meta_keyword`) VALUES ('77', '2', 'Lenses &amp; Filters', '', 'Lenses &amp; Filters', '', '');
INSERT INTO `oc_category_description` (`category_id`, `language_id`, `name`, `description`, `meta_title`, `meta_description`, `meta_keyword`) VALUES ('78', '2', 'Telescopes', '', 'Telescopes', '', '');
INSERT INTO `oc_category_description` (`category_id`, `language_id`, `name`, `description`, `meta_title`, `meta_description`, `meta_keyword`) VALUES ('79', '2', 'Connectors', '', 'Connectors', '', '');
INSERT INTO `oc_category_description` (`category_id`, `language_id`, `name`, `description`, `meta_title`, `meta_description`, `meta_keyword`) VALUES ('80', '1', 'iPad', '', 'iPad', '', '');
INSERT INTO `oc_category_description` (`category_id`, `language_id`, `name`, `description`, `meta_title`, `meta_description`, `meta_keyword`) VALUES ('81', '1', 'love sheet', '', 'love sheet', '', '');
INSERT INTO `oc_category_description` (`category_id`, `language_id`, `name`, `description`, `meta_title`, `meta_description`, `meta_keyword`) VALUES ('82', '1', 'Davenport', '', 'Davenport', '', '');
INSERT INTO `oc_category_description` (`category_id`, `language_id`, `name`, `description`, `meta_title`, `meta_description`, `meta_keyword`) VALUES ('71', '1', 'Benches', '', 'Benches', '', '');
INSERT INTO `oc_category_description` (`category_id`, `language_id`, `name`, `description`, `meta_title`, `meta_description`, `meta_keyword`) VALUES ('26', '1', 'Murphy Bed', '', 'Murphy Bed', '', '');
INSERT INTO `oc_category_description` (`category_id`, `language_id`, `name`, `description`, `meta_title`, `meta_description`, `meta_keyword`) VALUES ('27', '1', 'wall-unit', '', 'wall-unit', '', '');
INSERT INTO `oc_category_description` (`category_id`, `language_id`, `name`, `description`, `meta_title`, `meta_description`, `meta_keyword`) VALUES ('69', '1', 'Hammock', '', 'Hammock', '', '');
INSERT INTO `oc_category_description` (`category_id`, `language_id`, `name`, `description`, `meta_title`, `meta_description`, `meta_keyword`) VALUES ('73', '1', 'Tuffet', '', 'Tuffet', '', '');
INSERT INTO `oc_category_description` (`category_id`, `language_id`, `name`, `description`, `meta_title`, `meta_description`, `meta_keyword`) VALUES ('74', '2', 'Kotatsu', '', 'Kotatsu', '', '');
INSERT INTO `oc_category_description` (`category_id`, `language_id`, `name`, `description`, `meta_title`, `meta_description`, `meta_keyword`) VALUES ('65', '1', 'Cubicle', '', 'Cubicle', '', '');
INSERT INTO `oc_category_description` (`category_id`, `language_id`, `name`, `description`, `meta_title`, `meta_description`, `meta_keyword`) VALUES ('25', '1', 'Aigrette', '', 'Aigrette', '', '');
INSERT INTO `oc_category_description` (`category_id`, `language_id`, `name`, `description`, `meta_title`, `meta_description`, `meta_keyword`) VALUES ('73', '2', 'Tuffet', '', 'Tuffet', '', '');
INSERT INTO `oc_category_description` (`category_id`, `language_id`, `name`, `description`, `meta_title`, `meta_description`, `meta_keyword`) VALUES ('65', '2', 'Cubicle', '', 'Cubicle', '', '');
INSERT INTO `oc_category_description` (`category_id`, `language_id`, `name`, `description`, `meta_title`, `meta_description`, `meta_keyword`) VALUES ('68', '1', 'Cabinet', '', 'Cabinet', '', '');
INSERT INTO `oc_category_description` (`category_id`, `language_id`, `name`, `description`, `meta_title`, `meta_description`, `meta_keyword`) VALUES ('67', '2', 'Swings', '', 'Swings', '', '');
INSERT INTO `oc_category_description` (`category_id`, `language_id`, `name`, `description`, `meta_title`, `meta_description`, `meta_keyword`) VALUES ('79', '1', 'Connectors', '', 'Connectors', '', '');
INSERT INTO `oc_category_description` (`category_id`, `language_id`, `name`, `description`, `meta_title`, `meta_description`, `meta_keyword`) VALUES ('77', '1', 'Lenses &amp; Filters', '', 'Lenses &amp; Filters', '', '');
INSERT INTO `oc_category_description` (`category_id`, `language_id`, `name`, `description`, `meta_title`, `meta_description`, `meta_keyword`) VALUES ('78', '1', 'Telescopes', '', 'Telescopes', '', '');
INSERT INTO `oc_category_description` (`category_id`, `language_id`, `name`, `description`, `meta_title`, `meta_description`, `meta_keyword`) VALUES ('75', '2', 'Toy boxes', '', 'Toy boxes', '', '');
INSERT INTO `oc_category_description` (`category_id`, `language_id`, `name`, `description`, `meta_title`, `meta_description`, `meta_keyword`) VALUES ('82', '2', 'Davenport', '', 'Davenport', '', '');
INSERT INTO `oc_category_description` (`category_id`, `language_id`, `name`, `description`, `meta_title`, `meta_description`, `meta_keyword`) VALUES ('81', '2', 'love sheet', '', 'love sheet', '', '');
INSERT INTO `oc_category_description` (`category_id`, `language_id`, `name`, `description`, `meta_title`, `meta_description`, `meta_keyword`) VALUES ('84', '1', 'vanities', '', 'vanities', '', '');
INSERT INTO `oc_category_description` (`category_id`, `language_id`, `name`, `description`, `meta_title`, `meta_description`, `meta_keyword`) VALUES ('20', '2', 'sofas', '&lt;p&gt;\r\n\tExample of category description text&lt;/p&gt;\r\n\r\n&lt;p&gt;This category includes all the basics of your wardrobe and much more:&lt;br&gt;\r\n shoes, accessories, printed t-shirts, feminine dresses, women\'s jeans!&lt;/p&gt;', 'sofas', 'Example of category description', '');
INSERT INTO `oc_category_description` (`category_id`, `language_id`, `name`, `description`, `meta_title`, `meta_description`, `meta_keyword`) VALUES ('66', '1', 'Footstool', '', 'Footstool', '', '');
INSERT INTO `oc_category_description` (`category_id`, `language_id`, `name`, `description`, `meta_title`, `meta_description`, `meta_keyword`) VALUES ('70', '1', 'Chair', '', 'Chair', '', '');
INSERT INTO `oc_category_description` (`category_id`, `language_id`, `name`, `description`, `meta_title`, `meta_description`, `meta_keyword`) VALUES ('74', '1', 'Kotatsu', '', 'Kotatsu', '', '');
INSERT INTO `oc_category_description` (`category_id`, `language_id`, `name`, `description`, `meta_title`, `meta_description`, `meta_keyword`) VALUES ('20', '1', 'sofas', '&lt;p&gt;\r\n\tExample of category description text&lt;/p&gt;\r\n\r\n&lt;p&gt;This category includes all the basics of your wardrobe and much more:&lt;br&gt;\r\n shoes, accessories, printed t-shirts, feminine dresses, women\'s jeans!&lt;/p&gt;', 'sofas', 'Example of category description', '');
INSERT INTO `oc_category_description` (`category_id`, `language_id`, `name`, `description`, `meta_title`, `meta_description`, `meta_keyword`) VALUES ('27', '2', 'wall-unit', '', 'wall-unit', '', '');
INSERT INTO `oc_category_description` (`category_id`, `language_id`, `name`, `description`, `meta_title`, `meta_description`, `meta_keyword`) VALUES ('85', '2', 'Bar stool', '', 'Bar stool', '', '');
INSERT INTO `oc_category_description` (`category_id`, `language_id`, `name`, `description`, `meta_title`, `meta_description`, `meta_keyword`) VALUES ('86', '2', 'Bug zapper', '', 'Bug zapper', '', '');
INSERT INTO `oc_category_description` (`category_id`, `language_id`, `name`, `description`, `meta_title`, `meta_description`, `meta_keyword`) VALUES ('86', '1', 'Bug zapper', '', 'Bug zapper', '', '');
INSERT INTO `oc_category_description` (`category_id`, `language_id`, `name`, `description`, `meta_title`, `meta_description`, `meta_keyword`) VALUES ('87', '1', 'Lift chair', '', 'Lift chair', '', '');
INSERT INTO `oc_category_description` (`category_id`, `language_id`, `name`, `description`, `meta_title`, `meta_description`, `meta_keyword`) VALUES ('88', '1', 'Billiard table', '', 'Billiard table', '', '');
INSERT INTO `oc_category_description` (`category_id`, `language_id`, `name`, `description`, `meta_title`, `meta_description`, `meta_keyword`) VALUES ('89', '1', 'desk', '', 'desk', '', '');
INSERT INTO `oc_category_description` (`category_id`, `language_id`, `name`, `description`, `meta_title`, `meta_description`, `meta_keyword`) VALUES ('89', '2', 'desk', '', 'desk', '', '');
INSERT INTO `oc_category_description` (`category_id`, `language_id`, `name`, `description`, `meta_title`, `meta_description`, `meta_keyword`) VALUES ('90', '2', 'Armchair', '', 'Armchair', '', '');
INSERT INTO `oc_category_description` (`category_id`, `language_id`, `name`, `description`, `meta_title`, `meta_description`, `meta_keyword`) VALUES ('90', '1', 'Armchair', '', 'Armchair', '', '');
INSERT INTO `oc_category_description` (`category_id`, `language_id`, `name`, `description`, `meta_title`, `meta_description`, `meta_keyword`) VALUES ('91', '1', 'Lighting', '', 'Lighting', '', '');
INSERT INTO `oc_category_description` (`category_id`, `language_id`, `name`, `description`, `meta_title`, `meta_description`, `meta_keyword`) VALUES ('91', '2', 'Lighting', '', 'Lighting', '', '');
INSERT INTO `oc_category_description` (`category_id`, `language_id`, `name`, `description`, `meta_title`, `meta_description`, `meta_keyword`) VALUES ('92', '1', 'storage walls', '', 'storage walls', '', '');
INSERT INTO `oc_category_description` (`category_id`, `language_id`, `name`, `description`, `meta_title`, `meta_description`, `meta_keyword`) VALUES ('25', '2', 'Aigrette', '', 'Aigrette', '', '');
INSERT INTO `oc_category_description` (`category_id`, `language_id`, `name`, `description`, `meta_title`, `meta_description`, `meta_keyword`) VALUES ('68', '2', 'Cabinet', '', 'Cabinet', '', '');
INSERT INTO `oc_category_description` (`category_id`, `language_id`, `name`, `description`, `meta_title`, `meta_description`, `meta_keyword`) VALUES ('69', '2', 'Hammock', '', 'Hammock', '', '');
INSERT INTO `oc_category_description` (`category_id`, `language_id`, `name`, `description`, `meta_title`, `meta_description`, `meta_keyword`) VALUES ('84', '2', 'vanities', '', 'vanities', '', '');
INSERT INTO `oc_category_description` (`category_id`, `language_id`, `name`, `description`, `meta_title`, `meta_description`, `meta_keyword`) VALUES ('71', '2', 'Benches', '', 'Benches', '', '');
INSERT INTO `oc_category_description` (`category_id`, `language_id`, `name`, `description`, `meta_title`, `meta_description`, `meta_keyword`) VALUES ('80', '2', 'iPad', '', 'iPad', '', '');
INSERT INTO `oc_category_description` (`category_id`, `language_id`, `name`, `description`, `meta_title`, `meta_description`, `meta_keyword`) VALUES ('76', '1', 'Bookcases', '', 'Bookcases', '', '');
INSERT INTO `oc_category_description` (`category_id`, `language_id`, `name`, `description`, `meta_title`, `meta_description`, `meta_keyword`) VALUES ('92', '2', 'storage walls', '', 'storage walls', '', '');
INSERT INTO `oc_category_description` (`category_id`, `language_id`, `name`, `description`, `meta_title`, `meta_description`, `meta_keyword`) VALUES ('26', '2', 'Murphy Bed', '', 'Murphy Bed', '', '');
INSERT INTO `oc_category_description` (`category_id`, `language_id`, `name`, `description`, `meta_title`, `meta_description`, `meta_keyword`) VALUES ('85', '1', 'Bar stool', '', 'Bar stool', '', '');
INSERT INTO `oc_category_description` (`category_id`, `language_id`, `name`, `description`, `meta_title`, `meta_description`, `meta_keyword`) VALUES ('88', '2', 'Billiard table', '', 'Billiard table', '', '');
INSERT INTO `oc_category_description` (`category_id`, `language_id`, `name`, `description`, `meta_title`, `meta_description`, `meta_keyword`) VALUES ('87', '2', 'Lift chair', '', 'Lift chair', '', '');
INSERT INTO `oc_category_description` (`category_id`, `language_id`, `name`, `description`, `meta_title`, `meta_description`, `meta_keyword`) VALUES ('66', '2', 'Footstool', '', 'Footstool', '', '');
INSERT INTO `oc_category_description` (`category_id`, `language_id`, `name`, `description`, `meta_title`, `meta_description`, `meta_keyword`) VALUES ('72', '2', 'Night stand', '', 'Night stand', '', '');


TRUNCATE TABLE `oc_category_filter`;

INSERT INTO `oc_category_filter` (`category_id`, `filter_id`) VALUES ('20', '1');
INSERT INTO `oc_category_filter` (`category_id`, `filter_id`) VALUES ('20', '2');
INSERT INTO `oc_category_filter` (`category_id`, `filter_id`) VALUES ('20', '3');
INSERT INTO `oc_category_filter` (`category_id`, `filter_id`) VALUES ('20', '4');
INSERT INTO `oc_category_filter` (`category_id`, `filter_id`) VALUES ('20', '5');
INSERT INTO `oc_category_filter` (`category_id`, `filter_id`) VALUES ('20', '6');
INSERT INTO `oc_category_filter` (`category_id`, `filter_id`) VALUES ('20', '7');
INSERT INTO `oc_category_filter` (`category_id`, `filter_id`) VALUES ('20', '8');
INSERT INTO `oc_category_filter` (`category_id`, `filter_id`) VALUES ('20', '9');


TRUNCATE TABLE `oc_category_path`;

INSERT INTO `oc_category_path` (`category_id`, `path_id`, `level`) VALUES ('25', '25', '0');
INSERT INTO `oc_category_path` (`category_id`, `path_id`, `level`) VALUES ('28', '25', '0');
INSERT INTO `oc_category_path` (`category_id`, `path_id`, `level`) VALUES ('28', '28', '1');
INSERT INTO `oc_category_path` (`category_id`, `path_id`, `level`) VALUES ('35', '25', '0');
INSERT INTO `oc_category_path` (`category_id`, `path_id`, `level`) VALUES ('35', '28', '1');
INSERT INTO `oc_category_path` (`category_id`, `path_id`, `level`) VALUES ('35', '35', '2');
INSERT INTO `oc_category_path` (`category_id`, `path_id`, `level`) VALUES ('36', '25', '0');
INSERT INTO `oc_category_path` (`category_id`, `path_id`, `level`) VALUES ('36', '28', '1');
INSERT INTO `oc_category_path` (`category_id`, `path_id`, `level`) VALUES ('36', '36', '2');
INSERT INTO `oc_category_path` (`category_id`, `path_id`, `level`) VALUES ('29', '25', '0');
INSERT INTO `oc_category_path` (`category_id`, `path_id`, `level`) VALUES ('29', '29', '1');
INSERT INTO `oc_category_path` (`category_id`, `path_id`, `level`) VALUES ('30', '25', '0');
INSERT INTO `oc_category_path` (`category_id`, `path_id`, `level`) VALUES ('30', '30', '1');
INSERT INTO `oc_category_path` (`category_id`, `path_id`, `level`) VALUES ('31', '25', '0');
INSERT INTO `oc_category_path` (`category_id`, `path_id`, `level`) VALUES ('31', '31', '1');
INSERT INTO `oc_category_path` (`category_id`, `path_id`, `level`) VALUES ('75', '75', '1');
INSERT INTO `oc_category_path` (`category_id`, `path_id`, `level`) VALUES ('75', '66', '0');
INSERT INTO `oc_category_path` (`category_id`, `path_id`, `level`) VALUES ('20', '20', '0');
INSERT INTO `oc_category_path` (`category_id`, `path_id`, `level`) VALUES ('27', '20', '0');
INSERT INTO `oc_category_path` (`category_id`, `path_id`, `level`) VALUES ('27', '27', '1');
INSERT INTO `oc_category_path` (`category_id`, `path_id`, `level`) VALUES ('26', '20', '0');
INSERT INTO `oc_category_path` (`category_id`, `path_id`, `level`) VALUES ('26', '26', '1');
INSERT INTO `oc_category_path` (`category_id`, `path_id`, `level`) VALUES ('59', '59', '2');
INSERT INTO `oc_category_path` (`category_id`, `path_id`, `level`) VALUES ('59', '20', '0');
INSERT INTO `oc_category_path` (`category_id`, `path_id`, `level`) VALUES ('64', '64', '2');
INSERT INTO `oc_category_path` (`category_id`, `path_id`, `level`) VALUES ('64', '27', '1');
INSERT INTO `oc_category_path` (`category_id`, `path_id`, `level`) VALUES ('64', '20', '0');
INSERT INTO `oc_category_path` (`category_id`, `path_id`, `level`) VALUES ('63', '63', '2');
INSERT INTO `oc_category_path` (`category_id`, `path_id`, `level`) VALUES ('63', '27', '1');
INSERT INTO `oc_category_path` (`category_id`, `path_id`, `level`) VALUES ('63', '20', '0');
INSERT INTO `oc_category_path` (`category_id`, `path_id`, `level`) VALUES ('62', '62', '2');
INSERT INTO `oc_category_path` (`category_id`, `path_id`, `level`) VALUES ('62', '27', '1');
INSERT INTO `oc_category_path` (`category_id`, `path_id`, `level`) VALUES ('61', '61', '2');
INSERT INTO `oc_category_path` (`category_id`, `path_id`, `level`) VALUES ('61', '20', '0');
INSERT INTO `oc_category_path` (`category_id`, `path_id`, `level`) VALUES ('61', '26', '1');
INSERT INTO `oc_category_path` (`category_id`, `path_id`, `level`) VALUES ('62', '20', '0');
INSERT INTO `oc_category_path` (`category_id`, `path_id`, `level`) VALUES ('60', '60', '2');
INSERT INTO `oc_category_path` (`category_id`, `path_id`, `level`) VALUES ('60', '26', '1');
INSERT INTO `oc_category_path` (`category_id`, `path_id`, `level`) VALUES ('60', '20', '0');
INSERT INTO `oc_category_path` (`category_id`, `path_id`, `level`) VALUES ('59', '26', '1');
INSERT INTO `oc_category_path` (`category_id`, `path_id`, `level`) VALUES ('65', '65', '0');
INSERT INTO `oc_category_path` (`category_id`, `path_id`, `level`) VALUES ('66', '66', '0');
INSERT INTO `oc_category_path` (`category_id`, `path_id`, `level`) VALUES ('67', '67', '0');
INSERT INTO `oc_category_path` (`category_id`, `path_id`, `level`) VALUES ('68', '68', '0');
INSERT INTO `oc_category_path` (`category_id`, `path_id`, `level`) VALUES ('69', '69', '0');
INSERT INTO `oc_category_path` (`category_id`, `path_id`, `level`) VALUES ('70', '70', '0');
INSERT INTO `oc_category_path` (`category_id`, `path_id`, `level`) VALUES ('71', '71', '0');
INSERT INTO `oc_category_path` (`category_id`, `path_id`, `level`) VALUES ('72', '72', '0');
INSERT INTO `oc_category_path` (`category_id`, `path_id`, `level`) VALUES ('73', '73', '0');
INSERT INTO `oc_category_path` (`category_id`, `path_id`, `level`) VALUES ('74', '74', '0');
INSERT INTO `oc_category_path` (`category_id`, `path_id`, `level`) VALUES ('76', '66', '0');
INSERT INTO `oc_category_path` (`category_id`, `path_id`, `level`) VALUES ('76', '76', '1');
INSERT INTO `oc_category_path` (`category_id`, `path_id`, `level`) VALUES ('77', '70', '0');
INSERT INTO `oc_category_path` (`category_id`, `path_id`, `level`) VALUES ('77', '77', '1');
INSERT INTO `oc_category_path` (`category_id`, `path_id`, `level`) VALUES ('78', '70', '0');
INSERT INTO `oc_category_path` (`category_id`, `path_id`, `level`) VALUES ('78', '78', '1');
INSERT INTO `oc_category_path` (`category_id`, `path_id`, `level`) VALUES ('79', '68', '0');
INSERT INTO `oc_category_path` (`category_id`, `path_id`, `level`) VALUES ('79', '79', '1');
INSERT INTO `oc_category_path` (`category_id`, `path_id`, `level`) VALUES ('80', '68', '0');
INSERT INTO `oc_category_path` (`category_id`, `path_id`, `level`) VALUES ('80', '80', '1');
INSERT INTO `oc_category_path` (`category_id`, `path_id`, `level`) VALUES ('81', '65', '0');
INSERT INTO `oc_category_path` (`category_id`, `path_id`, `level`) VALUES ('81', '81', '1');
INSERT INTO `oc_category_path` (`category_id`, `path_id`, `level`) VALUES ('82', '65', '0');
INSERT INTO `oc_category_path` (`category_id`, `path_id`, `level`) VALUES ('82', '82', '1');
INSERT INTO `oc_category_path` (`category_id`, `path_id`, `level`) VALUES ('84', '84', '0');
INSERT INTO `oc_category_path` (`category_id`, `path_id`, `level`) VALUES ('85', '20', '0');
INSERT INTO `oc_category_path` (`category_id`, `path_id`, `level`) VALUES ('85', '85', '1');
INSERT INTO `oc_category_path` (`category_id`, `path_id`, `level`) VALUES ('86', '85', '1');
INSERT INTO `oc_category_path` (`category_id`, `path_id`, `level`) VALUES ('86', '20', '0');
INSERT INTO `oc_category_path` (`category_id`, `path_id`, `level`) VALUES ('86', '86', '2');
INSERT INTO `oc_category_path` (`category_id`, `path_id`, `level`) VALUES ('87', '85', '1');
INSERT INTO `oc_category_path` (`category_id`, `path_id`, `level`) VALUES ('87', '20', '0');
INSERT INTO `oc_category_path` (`category_id`, `path_id`, `level`) VALUES ('87', '87', '2');
INSERT INTO `oc_category_path` (`category_id`, `path_id`, `level`) VALUES ('88', '85', '1');
INSERT INTO `oc_category_path` (`category_id`, `path_id`, `level`) VALUES ('88', '20', '0');
INSERT INTO `oc_category_path` (`category_id`, `path_id`, `level`) VALUES ('88', '88', '2');
INSERT INTO `oc_category_path` (`category_id`, `path_id`, `level`) VALUES ('89', '20', '0');
INSERT INTO `oc_category_path` (`category_id`, `path_id`, `level`) VALUES ('89', '89', '1');
INSERT INTO `oc_category_path` (`category_id`, `path_id`, `level`) VALUES ('90', '89', '1');
INSERT INTO `oc_category_path` (`category_id`, `path_id`, `level`) VALUES ('90', '20', '0');
INSERT INTO `oc_category_path` (`category_id`, `path_id`, `level`) VALUES ('90', '90', '2');
INSERT INTO `oc_category_path` (`category_id`, `path_id`, `level`) VALUES ('91', '20', '0');
INSERT INTO `oc_category_path` (`category_id`, `path_id`, `level`) VALUES ('91', '89', '1');
INSERT INTO `oc_category_path` (`category_id`, `path_id`, `level`) VALUES ('91', '91', '2');
INSERT INTO `oc_category_path` (`category_id`, `path_id`, `level`) VALUES ('92', '89', '1');
INSERT INTO `oc_category_path` (`category_id`, `path_id`, `level`) VALUES ('92', '20', '0');
INSERT INTO `oc_category_path` (`category_id`, `path_id`, `level`) VALUES ('92', '92', '2');


TRUNCATE TABLE `oc_category_to_layout`;

INSERT INTO `oc_category_to_layout` (`category_id`, `store_id`, `layout_id`) VALUES ('20', '0', '0');
INSERT INTO `oc_category_to_layout` (`category_id`, `store_id`, `layout_id`) VALUES ('26', '0', '0');
INSERT INTO `oc_category_to_layout` (`category_id`, `store_id`, `layout_id`) VALUES ('25', '0', '0');
INSERT INTO `oc_category_to_layout` (`category_id`, `store_id`, `layout_id`) VALUES ('27', '0', '0');
INSERT INTO `oc_category_to_layout` (`category_id`, `store_id`, `layout_id`) VALUES ('59', '0', '0');
INSERT INTO `oc_category_to_layout` (`category_id`, `store_id`, `layout_id`) VALUES ('60', '0', '0');
INSERT INTO `oc_category_to_layout` (`category_id`, `store_id`, `layout_id`) VALUES ('61', '0', '0');
INSERT INTO `oc_category_to_layout` (`category_id`, `store_id`, `layout_id`) VALUES ('62', '0', '0');
INSERT INTO `oc_category_to_layout` (`category_id`, `store_id`, `layout_id`) VALUES ('63', '0', '0');
INSERT INTO `oc_category_to_layout` (`category_id`, `store_id`, `layout_id`) VALUES ('64', '0', '0');
INSERT INTO `oc_category_to_layout` (`category_id`, `store_id`, `layout_id`) VALUES ('65', '0', '0');
INSERT INTO `oc_category_to_layout` (`category_id`, `store_id`, `layout_id`) VALUES ('66', '0', '0');
INSERT INTO `oc_category_to_layout` (`category_id`, `store_id`, `layout_id`) VALUES ('67', '0', '0');
INSERT INTO `oc_category_to_layout` (`category_id`, `store_id`, `layout_id`) VALUES ('29', '0', '0');
INSERT INTO `oc_category_to_layout` (`category_id`, `store_id`, `layout_id`) VALUES ('28', '0', '0');
INSERT INTO `oc_category_to_layout` (`category_id`, `store_id`, `layout_id`) VALUES ('30', '0', '0');
INSERT INTO `oc_category_to_layout` (`category_id`, `store_id`, `layout_id`) VALUES ('31', '0', '0');
INSERT INTO `oc_category_to_layout` (`category_id`, `store_id`, `layout_id`) VALUES ('75', '0', '0');
INSERT INTO `oc_category_to_layout` (`category_id`, `store_id`, `layout_id`) VALUES ('68', '0', '0');
INSERT INTO `oc_category_to_layout` (`category_id`, `store_id`, `layout_id`) VALUES ('69', '0', '0');
INSERT INTO `oc_category_to_layout` (`category_id`, `store_id`, `layout_id`) VALUES ('70', '0', '0');
INSERT INTO `oc_category_to_layout` (`category_id`, `store_id`, `layout_id`) VALUES ('71', '0', '0');
INSERT INTO `oc_category_to_layout` (`category_id`, `store_id`, `layout_id`) VALUES ('72', '0', '0');
INSERT INTO `oc_category_to_layout` (`category_id`, `store_id`, `layout_id`) VALUES ('73', '0', '0');
INSERT INTO `oc_category_to_layout` (`category_id`, `store_id`, `layout_id`) VALUES ('74', '0', '0');
INSERT INTO `oc_category_to_layout` (`category_id`, `store_id`, `layout_id`) VALUES ('76', '0', '0');
INSERT INTO `oc_category_to_layout` (`category_id`, `store_id`, `layout_id`) VALUES ('77', '0', '0');
INSERT INTO `oc_category_to_layout` (`category_id`, `store_id`, `layout_id`) VALUES ('78', '0', '0');
INSERT INTO `oc_category_to_layout` (`category_id`, `store_id`, `layout_id`) VALUES ('79', '0', '0');
INSERT INTO `oc_category_to_layout` (`category_id`, `store_id`, `layout_id`) VALUES ('80', '0', '0');
INSERT INTO `oc_category_to_layout` (`category_id`, `store_id`, `layout_id`) VALUES ('81', '0', '0');
INSERT INTO `oc_category_to_layout` (`category_id`, `store_id`, `layout_id`) VALUES ('82', '0', '0');
INSERT INTO `oc_category_to_layout` (`category_id`, `store_id`, `layout_id`) VALUES ('84', '0', '0');
INSERT INTO `oc_category_to_layout` (`category_id`, `store_id`, `layout_id`) VALUES ('85', '0', '0');
INSERT INTO `oc_category_to_layout` (`category_id`, `store_id`, `layout_id`) VALUES ('86', '0', '0');
INSERT INTO `oc_category_to_layout` (`category_id`, `store_id`, `layout_id`) VALUES ('87', '0', '0');
INSERT INTO `oc_category_to_layout` (`category_id`, `store_id`, `layout_id`) VALUES ('88', '0', '0');
INSERT INTO `oc_category_to_layout` (`category_id`, `store_id`, `layout_id`) VALUES ('89', '0', '0');
INSERT INTO `oc_category_to_layout` (`category_id`, `store_id`, `layout_id`) VALUES ('90', '0', '0');
INSERT INTO `oc_category_to_layout` (`category_id`, `store_id`, `layout_id`) VALUES ('91', '0', '0');
INSERT INTO `oc_category_to_layout` (`category_id`, `store_id`, `layout_id`) VALUES ('92', '0', '0');


TRUNCATE TABLE `oc_category_to_store`;

INSERT INTO `oc_category_to_store` (`category_id`, `store_id`) VALUES ('20', '0');
INSERT INTO `oc_category_to_store` (`category_id`, `store_id`) VALUES ('25', '0');
INSERT INTO `oc_category_to_store` (`category_id`, `store_id`) VALUES ('26', '0');
INSERT INTO `oc_category_to_store` (`category_id`, `store_id`) VALUES ('27', '0');
INSERT INTO `oc_category_to_store` (`category_id`, `store_id`) VALUES ('28', '0');
INSERT INTO `oc_category_to_store` (`category_id`, `store_id`) VALUES ('29', '0');
INSERT INTO `oc_category_to_store` (`category_id`, `store_id`) VALUES ('30', '0');
INSERT INTO `oc_category_to_store` (`category_id`, `store_id`) VALUES ('31', '0');
INSERT INTO `oc_category_to_store` (`category_id`, `store_id`) VALUES ('35', '0');
INSERT INTO `oc_category_to_store` (`category_id`, `store_id`) VALUES ('36', '0');
INSERT INTO `oc_category_to_store` (`category_id`, `store_id`) VALUES ('59', '0');
INSERT INTO `oc_category_to_store` (`category_id`, `store_id`) VALUES ('60', '0');
INSERT INTO `oc_category_to_store` (`category_id`, `store_id`) VALUES ('61', '0');
INSERT INTO `oc_category_to_store` (`category_id`, `store_id`) VALUES ('62', '0');
INSERT INTO `oc_category_to_store` (`category_id`, `store_id`) VALUES ('63', '0');
INSERT INTO `oc_category_to_store` (`category_id`, `store_id`) VALUES ('64', '0');
INSERT INTO `oc_category_to_store` (`category_id`, `store_id`) VALUES ('65', '0');
INSERT INTO `oc_category_to_store` (`category_id`, `store_id`) VALUES ('66', '0');
INSERT INTO `oc_category_to_store` (`category_id`, `store_id`) VALUES ('67', '0');
INSERT INTO `oc_category_to_store` (`category_id`, `store_id`) VALUES ('68', '0');
INSERT INTO `oc_category_to_store` (`category_id`, `store_id`) VALUES ('69', '0');
INSERT INTO `oc_category_to_store` (`category_id`, `store_id`) VALUES ('70', '0');
INSERT INTO `oc_category_to_store` (`category_id`, `store_id`) VALUES ('71', '0');
INSERT INTO `oc_category_to_store` (`category_id`, `store_id`) VALUES ('72', '0');
INSERT INTO `oc_category_to_store` (`category_id`, `store_id`) VALUES ('73', '0');
INSERT INTO `oc_category_to_store` (`category_id`, `store_id`) VALUES ('74', '0');
INSERT INTO `oc_category_to_store` (`category_id`, `store_id`) VALUES ('75', '0');
INSERT INTO `oc_category_to_store` (`category_id`, `store_id`) VALUES ('76', '0');
INSERT INTO `oc_category_to_store` (`category_id`, `store_id`) VALUES ('77', '0');
INSERT INTO `oc_category_to_store` (`category_id`, `store_id`) VALUES ('78', '0');
INSERT INTO `oc_category_to_store` (`category_id`, `store_id`) VALUES ('79', '0');
INSERT INTO `oc_category_to_store` (`category_id`, `store_id`) VALUES ('80', '0');
INSERT INTO `oc_category_to_store` (`category_id`, `store_id`) VALUES ('81', '0');
INSERT INTO `oc_category_to_store` (`category_id`, `store_id`) VALUES ('82', '0');
INSERT INTO `oc_category_to_store` (`category_id`, `store_id`) VALUES ('84', '0');
INSERT INTO `oc_category_to_store` (`category_id`, `store_id`) VALUES ('85', '0');
INSERT INTO `oc_category_to_store` (`category_id`, `store_id`) VALUES ('86', '0');
INSERT INTO `oc_category_to_store` (`category_id`, `store_id`) VALUES ('87', '0');
INSERT INTO `oc_category_to_store` (`category_id`, `store_id`) VALUES ('88', '0');
INSERT INTO `oc_category_to_store` (`category_id`, `store_id`) VALUES ('89', '0');
INSERT INTO `oc_category_to_store` (`category_id`, `store_id`) VALUES ('90', '0');
INSERT INTO `oc_category_to_store` (`category_id`, `store_id`) VALUES ('91', '0');
INSERT INTO `oc_category_to_store` (`category_id`, `store_id`) VALUES ('92', '0');


TRUNCATE TABLE `oc_coupon_category`;



TRUNCATE TABLE `oc_extension`;

INSERT INTO `oc_extension` (`extension_id`, `type`, `code`) VALUES ('1', 'payment', 'cod');
INSERT INTO `oc_extension` (`extension_id`, `type`, `code`) VALUES ('2', 'total', 'shipping');
INSERT INTO `oc_extension` (`extension_id`, `type`, `code`) VALUES ('3', 'total', 'sub_total');
INSERT INTO `oc_extension` (`extension_id`, `type`, `code`) VALUES ('4', 'total', 'tax');
INSERT INTO `oc_extension` (`extension_id`, `type`, `code`) VALUES ('5', 'total', 'total');
INSERT INTO `oc_extension` (`extension_id`, `type`, `code`) VALUES ('6', 'module', 'banner');
INSERT INTO `oc_extension` (`extension_id`, `type`, `code`) VALUES ('7', 'module', 'carousel');
INSERT INTO `oc_extension` (`extension_id`, `type`, `code`) VALUES ('8', 'total', 'credit');
INSERT INTO `oc_extension` (`extension_id`, `type`, `code`) VALUES ('9', 'shipping', 'flat');
INSERT INTO `oc_extension` (`extension_id`, `type`, `code`) VALUES ('10', 'total', 'handling');
INSERT INTO `oc_extension` (`extension_id`, `type`, `code`) VALUES ('11', 'total', 'low_order_fee');
INSERT INTO `oc_extension` (`extension_id`, `type`, `code`) VALUES ('12', 'total', 'coupon');
INSERT INTO `oc_extension` (`extension_id`, `type`, `code`) VALUES ('59', 'module', 'tt_mega_category');
INSERT INTO `oc_extension` (`extension_id`, `type`, `code`) VALUES ('14', 'module', 'account');
INSERT INTO `oc_extension` (`extension_id`, `type`, `code`) VALUES ('15', 'total', 'reward');
INSERT INTO `oc_extension` (`extension_id`, `type`, `code`) VALUES ('16', 'total', 'voucher');
INSERT INTO `oc_extension` (`extension_id`, `type`, `code`) VALUES ('17', 'payment', 'free_checkout');
INSERT INTO `oc_extension` (`extension_id`, `type`, `code`) VALUES ('18', 'module', 'featured');
INSERT INTO `oc_extension` (`extension_id`, `type`, `code`) VALUES ('19', 'module', 'slideshow');
INSERT INTO `oc_extension` (`extension_id`, `type`, `code`) VALUES ('20', 'theme', 'default');
INSERT INTO `oc_extension` (`extension_id`, `type`, `code`) VALUES ('21', 'dashboard', 'activity');
INSERT INTO `oc_extension` (`extension_id`, `type`, `code`) VALUES ('22', 'dashboard', 'sale');
INSERT INTO `oc_extension` (`extension_id`, `type`, `code`) VALUES ('23', 'dashboard', 'recent');
INSERT INTO `oc_extension` (`extension_id`, `type`, `code`) VALUES ('24', 'dashboard', 'order');
INSERT INTO `oc_extension` (`extension_id`, `type`, `code`) VALUES ('25', 'dashboard', 'online');
INSERT INTO `oc_extension` (`extension_id`, `type`, `code`) VALUES ('26', 'dashboard', 'map');
INSERT INTO `oc_extension` (`extension_id`, `type`, `code`) VALUES ('27', 'dashboard', 'customer');
INSERT INTO `oc_extension` (`extension_id`, `type`, `code`) VALUES ('28', 'dashboard', 'chart');
INSERT INTO `oc_extension` (`extension_id`, `type`, `code`) VALUES ('29', 'report', 'sale_coupon');
INSERT INTO `oc_extension` (`extension_id`, `type`, `code`) VALUES ('31', 'report', 'customer_search');
INSERT INTO `oc_extension` (`extension_id`, `type`, `code`) VALUES ('32', 'report', 'customer_transaction');
INSERT INTO `oc_extension` (`extension_id`, `type`, `code`) VALUES ('33', 'report', 'product_purchased');
INSERT INTO `oc_extension` (`extension_id`, `type`, `code`) VALUES ('34', 'report', 'product_viewed');
INSERT INTO `oc_extension` (`extension_id`, `type`, `code`) VALUES ('35', 'report', 'sale_return');
INSERT INTO `oc_extension` (`extension_id`, `type`, `code`) VALUES ('36', 'report', 'sale_order');
INSERT INTO `oc_extension` (`extension_id`, `type`, `code`) VALUES ('37', 'report', 'sale_shipping');
INSERT INTO `oc_extension` (`extension_id`, `type`, `code`) VALUES ('38', 'report', 'sale_tax');
INSERT INTO `oc_extension` (`extension_id`, `type`, `code`) VALUES ('39', 'report', 'customer_activity');
INSERT INTO `oc_extension` (`extension_id`, `type`, `code`) VALUES ('40', 'report', 'customer_order');
INSERT INTO `oc_extension` (`extension_id`, `type`, `code`) VALUES ('41', 'report', 'customer_reward');
INSERT INTO `oc_extension` (`extension_id`, `type`, `code`) VALUES ('43', 'module', 'tt_product_tab');
INSERT INTO `oc_extension` (`extension_id`, `type`, `code`) VALUES ('44', 'module', 'filter');
INSERT INTO `oc_extension` (`extension_id`, `type`, `code`) VALUES ('45', 'module', 'information');
INSERT INTO `oc_extension` (`extension_id`, `type`, `code`) VALUES ('46', 'module', 'special');
INSERT INTO `oc_extension` (`extension_id`, `type`, `code`) VALUES ('47', 'module', 'html');
INSERT INTO `oc_extension` (`extension_id`, `type`, `code`) VALUES ('52', 'module', 'category');
INSERT INTO `oc_extension` (`extension_id`, `type`, `code`) VALUES ('53', 'analytics', 'google');
INSERT INTO `oc_extension` (`extension_id`, `type`, `code`) VALUES ('62', 'module', 'tt_category_feature');
INSERT INTO `oc_extension` (`extension_id`, `type`, `code`) VALUES ('63', 'module', 'tt_category_tab');
INSERT INTO `oc_extension` (`extension_id`, `type`, `code`) VALUES ('64', 'module', 'tt_special_countdown');
INSERT INTO `oc_extension` (`extension_id`, `type`, `code`) VALUES ('65', 'module', 'bestseller');
INSERT INTO `oc_extension` (`extension_id`, `type`, `code`) VALUES ('66', 'module', 'latest');
INSERT INTO `oc_extension` (`extension_id`, `type`, `code`) VALUES ('68', 'module', 'ttnewslettersubscribe');
INSERT INTO `oc_extension` (`extension_id`, `type`, `code`) VALUES ('71', 'module', 'tt_live_search');


TRUNCATE TABLE `oc_filter`;

INSERT INTO `oc_filter` (`filter_id`, `filter_group_id`, `sort_order`) VALUES ('1', '1', '1');
INSERT INTO `oc_filter` (`filter_id`, `filter_group_id`, `sort_order`) VALUES ('2', '1', '2');
INSERT INTO `oc_filter` (`filter_id`, `filter_group_id`, `sort_order`) VALUES ('3', '1', '3');
INSERT INTO `oc_filter` (`filter_id`, `filter_group_id`, `sort_order`) VALUES ('4', '2', '1');
INSERT INTO `oc_filter` (`filter_id`, `filter_group_id`, `sort_order`) VALUES ('5', '2', '2');
INSERT INTO `oc_filter` (`filter_id`, `filter_group_id`, `sort_order`) VALUES ('6', '2', '3');
INSERT INTO `oc_filter` (`filter_id`, `filter_group_id`, `sort_order`) VALUES ('7', '3', '1');
INSERT INTO `oc_filter` (`filter_id`, `filter_group_id`, `sort_order`) VALUES ('8', '3', '2');
INSERT INTO `oc_filter` (`filter_id`, `filter_group_id`, `sort_order`) VALUES ('9', '3', '3');


TRUNCATE TABLE `oc_filter_description`;

INSERT INTO `oc_filter_description` (`filter_id`, `language_id`, `filter_group_id`, `name`) VALUES ('1', '1', '1', 'Black');
INSERT INTO `oc_filter_description` (`filter_id`, `language_id`, `filter_group_id`, `name`) VALUES ('1', '2', '1', 'Black');
INSERT INTO `oc_filter_description` (`filter_id`, `language_id`, `filter_group_id`, `name`) VALUES ('2', '1', '1', 'White');
INSERT INTO `oc_filter_description` (`filter_id`, `language_id`, `filter_group_id`, `name`) VALUES ('2', '2', '1', 'White');
INSERT INTO `oc_filter_description` (`filter_id`, `language_id`, `filter_group_id`, `name`) VALUES ('3', '1', '1', 'Silver');
INSERT INTO `oc_filter_description` (`filter_id`, `language_id`, `filter_group_id`, `name`) VALUES ('3', '2', '1', 'Silver');
INSERT INTO `oc_filter_description` (`filter_id`, `language_id`, `filter_group_id`, `name`) VALUES ('4', '1', '2', '$100 and belov');
INSERT INTO `oc_filter_description` (`filter_id`, `language_id`, `filter_group_id`, `name`) VALUES ('4', '2', '2', '$100 and belov');
INSERT INTO `oc_filter_description` (`filter_id`, `language_id`, `filter_group_id`, `name`) VALUES ('5', '1', '2', '$100 to $200');
INSERT INTO `oc_filter_description` (`filter_id`, `language_id`, `filter_group_id`, `name`) VALUES ('5', '2', '2', '$100 to $200');
INSERT INTO `oc_filter_description` (`filter_id`, `language_id`, `filter_group_id`, `name`) VALUES ('6', '1', '2', '$200 and more');
INSERT INTO `oc_filter_description` (`filter_id`, `language_id`, `filter_group_id`, `name`) VALUES ('6', '2', '2', '$200 and more');
INSERT INTO `oc_filter_description` (`filter_id`, `language_id`, `filter_group_id`, `name`) VALUES ('7', '1', '3', 'Large');
INSERT INTO `oc_filter_description` (`filter_id`, `language_id`, `filter_group_id`, `name`) VALUES ('7', '2', '3', 'Large');
INSERT INTO `oc_filter_description` (`filter_id`, `language_id`, `filter_group_id`, `name`) VALUES ('8', '1', '3', 'Medium');
INSERT INTO `oc_filter_description` (`filter_id`, `language_id`, `filter_group_id`, `name`) VALUES ('8', '2', '3', 'Medium');
INSERT INTO `oc_filter_description` (`filter_id`, `language_id`, `filter_group_id`, `name`) VALUES ('9', '1', '3', 'Small');
INSERT INTO `oc_filter_description` (`filter_id`, `language_id`, `filter_group_id`, `name`) VALUES ('9', '2', '3', 'Small');


TRUNCATE TABLE `oc_filter_group`;

INSERT INTO `oc_filter_group` (`filter_group_id`, `sort_order`) VALUES ('1', '1');
INSERT INTO `oc_filter_group` (`filter_group_id`, `sort_order`) VALUES ('2', '2');
INSERT INTO `oc_filter_group` (`filter_group_id`, `sort_order`) VALUES ('3', '3');


TRUNCATE TABLE `oc_filter_group_description`;

INSERT INTO `oc_filter_group_description` (`filter_group_id`, `language_id`, `name`) VALUES ('1', '1', 'Colors');
INSERT INTO `oc_filter_group_description` (`filter_group_id`, `language_id`, `name`) VALUES ('1', '2', 'Colors');
INSERT INTO `oc_filter_group_description` (`filter_group_id`, `language_id`, `name`) VALUES ('2', '1', 'Price');
INSERT INTO `oc_filter_group_description` (`filter_group_id`, `language_id`, `name`) VALUES ('2', '2', 'Price');
INSERT INTO `oc_filter_group_description` (`filter_group_id`, `language_id`, `name`) VALUES ('3', '1', 'Size');
INSERT INTO `oc_filter_group_description` (`filter_group_id`, `language_id`, `name`) VALUES ('3', '2', 'Size');


TRUNCATE TABLE `oc_layout_module`;

INSERT INTO `oc_layout_module` (`layout_module_id`, `layout_id`, `code`, `position`, `sort_order`) VALUES ('3197', '5', 'html.102', 'footer_top', '2');
INSERT INTO `oc_layout_module` (`layout_module_id`, `layout_id`, `code`, `position`, `sort_order`) VALUES ('3218', '13', 'html.56', 'footer_top', '1');
INSERT INTO `oc_layout_module` (`layout_module_id`, `layout_id`, `code`, `position`, `sort_order`) VALUES ('3174', '4', 'html.56', 'footer_top', '1');
INSERT INTO `oc_layout_module` (`layout_module_id`, `layout_id`, `code`, `position`, `sort_order`) VALUES ('3106', '6', 'html.56', 'footer_top', '1');
INSERT INTO `oc_layout_module` (`layout_module_id`, `layout_id`, `code`, `position`, `sort_order`) VALUES ('3196', '5', 'html.56', 'footer_top', '1');
INSERT INTO `oc_layout_module` (`layout_module_id`, `layout_id`, `code`, `position`, `sort_order`) VALUES ('3241', '3', 'ttnewslettersubscribe.93', 'footer_top', '0');
INSERT INTO `oc_layout_module` (`layout_module_id`, `layout_id`, `code`, `position`, `sort_order`) VALUES ('3141', '7', 'html.56', 'footer_top', '1');
INSERT INTO `oc_layout_module` (`layout_module_id`, `layout_id`, `code`, `position`, `sort_order`) VALUES ('3152', '12', 'html.56', 'footer_top', '1');
INSERT INTO `oc_layout_module` (`layout_module_id`, `layout_id`, `code`, `position`, `sort_order`) VALUES ('3163', '8', 'html.56', 'footer_top', '1');
INSERT INTO `oc_layout_module` (`layout_module_id`, `layout_id`, `code`, `position`, `sort_order`) VALUES ('3185', '11', 'html.56', 'footer_top', '1');
INSERT INTO `oc_layout_module` (`layout_module_id`, `layout_id`, `code`, `position`, `sort_order`) VALUES ('3207', '2', 'html.56', 'footer_top', '1');
INSERT INTO `oc_layout_module` (`layout_module_id`, `layout_id`, `code`, `position`, `sort_order`) VALUES ('3229', '9', 'html.56', 'footer_top', '1');
INSERT INTO `oc_layout_module` (`layout_module_id`, `layout_id`, `code`, `position`, `sort_order`) VALUES ('3117', '10', 'html.56', 'footer_top', '1');
INSERT INTO `oc_layout_module` (`layout_module_id`, `layout_id`, `code`, `position`, `sort_order`) VALUES ('3116', '10', 'ttnewslettersubscribe.93', 'footer_top', '0');
INSERT INTO `oc_layout_module` (`layout_module_id`, `layout_id`, `code`, `position`, `sort_order`) VALUES ('3240', '3', 'html.76', 'footer_left', '0');
INSERT INTO `oc_layout_module` (`layout_module_id`, `layout_id`, `code`, `position`, `sort_order`) VALUES ('3140', '7', 'ttnewslettersubscribe.93', 'footer_top', '0');
INSERT INTO `oc_layout_module` (`layout_module_id`, `layout_id`, `code`, `position`, `sort_order`) VALUES ('3151', '12', 'ttnewslettersubscribe.93', 'footer_top', '0');
INSERT INTO `oc_layout_module` (`layout_module_id`, `layout_id`, `code`, `position`, `sort_order`) VALUES ('3162', '8', 'ttnewslettersubscribe.93', 'footer_top', '0');
INSERT INTO `oc_layout_module` (`layout_module_id`, `layout_id`, `code`, `position`, `sort_order`) VALUES ('3173', '4', 'ttnewslettersubscribe.93', 'footer_top', '0');
INSERT INTO `oc_layout_module` (`layout_module_id`, `layout_id`, `code`, `position`, `sort_order`) VALUES ('3184', '11', 'ttnewslettersubscribe.93', 'footer_top', '0');
INSERT INTO `oc_layout_module` (`layout_module_id`, `layout_id`, `code`, `position`, `sort_order`) VALUES ('3195', '5', 'ttnewslettersubscribe.93', 'footer_top', '0');
INSERT INTO `oc_layout_module` (`layout_module_id`, `layout_id`, `code`, `position`, `sort_order`) VALUES ('3206', '2', 'ttnewslettersubscribe.93', 'footer_top', '0');
INSERT INTO `oc_layout_module` (`layout_module_id`, `layout_id`, `code`, `position`, `sort_order`) VALUES ('3217', '13', 'ttnewslettersubscribe.93', 'footer_top', '0');
INSERT INTO `oc_layout_module` (`layout_module_id`, `layout_id`, `code`, `position`, `sort_order`) VALUES ('3228', '9', 'ttnewslettersubscribe.93', 'footer_top', '0');
INSERT INTO `oc_layout_module` (`layout_module_id`, `layout_id`, `code`, `position`, `sort_order`) VALUES ('3194', '5', 'html.76', 'footer_left', '0');
INSERT INTO `oc_layout_module` (`layout_module_id`, `layout_id`, `code`, `position`, `sort_order`) VALUES ('3105', '6', 'ttnewslettersubscribe.93', 'footer_top', '0');
INSERT INTO `oc_layout_module` (`layout_module_id`, `layout_id`, `code`, `position`, `sort_order`) VALUES ('3115', '10', 'html.76', 'footer_left', '0');
INSERT INTO `oc_layout_module` (`layout_module_id`, `layout_id`, `code`, `position`, `sort_order`) VALUES ('3239', '3', 'information', 'column_left', '4');
INSERT INTO `oc_layout_module` (`layout_module_id`, `layout_id`, `code`, `position`, `sort_order`) VALUES ('3139', '7', 'html.76', 'footer_left', '0');
INSERT INTO `oc_layout_module` (`layout_module_id`, `layout_id`, `code`, `position`, `sort_order`) VALUES ('3150', '12', 'html.76', 'footer_left', '0');
INSERT INTO `oc_layout_module` (`layout_module_id`, `layout_id`, `code`, `position`, `sort_order`) VALUES ('3161', '8', 'html.76', 'footer_left', '0');
INSERT INTO `oc_layout_module` (`layout_module_id`, `layout_id`, `code`, `position`, `sort_order`) VALUES ('3172', '4', 'html.76', 'footer_left', '0');
INSERT INTO `oc_layout_module` (`layout_module_id`, `layout_id`, `code`, `position`, `sort_order`) VALUES ('3183', '11', 'html.76', 'footer_left', '0');
INSERT INTO `oc_layout_module` (`layout_module_id`, `layout_id`, `code`, `position`, `sort_order`) VALUES ('3193', '5', 'featured.28', 'column_left', '3');
INSERT INTO `oc_layout_module` (`layout_module_id`, `layout_id`, `code`, `position`, `sort_order`) VALUES ('3205', '2', 'html.76', 'footer_left', '0');
INSERT INTO `oc_layout_module` (`layout_module_id`, `layout_id`, `code`, `position`, `sort_order`) VALUES ('3216', '13', 'html.76', 'footer_left', '0');
INSERT INTO `oc_layout_module` (`layout_module_id`, `layout_id`, `code`, `position`, `sort_order`) VALUES ('3227', '9', 'html.76', 'footer_left', '0');
INSERT INTO `oc_layout_module` (`layout_module_id`, `layout_id`, `code`, `position`, `sort_order`) VALUES ('3192', '5', 'banner.30', 'column_left', '2');
INSERT INTO `oc_layout_module` (`layout_module_id`, `layout_id`, `code`, `position`, `sort_order`) VALUES ('3334', '1', 'html.49', 'footer_right', '0');
INSERT INTO `oc_layout_module` (`layout_module_id`, `layout_id`, `code`, `position`, `sort_order`) VALUES ('3333', '1', 'html.53', 'footer_bottom', '0');
INSERT INTO `oc_layout_module` (`layout_module_id`, `layout_id`, `code`, `position`, `sort_order`) VALUES ('3104', '6', 'html.76', 'footer_left', '0');
INSERT INTO `oc_layout_module` (`layout_module_id`, `layout_id`, `code`, `position`, `sort_order`) VALUES ('3114', '10', 'featured.28', 'column_left', '3');
INSERT INTO `oc_layout_module` (`layout_module_id`, `layout_id`, `code`, `position`, `sort_order`) VALUES ('3238', '3', 'special.99', 'column_left', '3');
INSERT INTO `oc_layout_module` (`layout_module_id`, `layout_id`, `code`, `position`, `sort_order`) VALUES ('3138', '7', 'featured.28', 'column_left', '3');
INSERT INTO `oc_layout_module` (`layout_module_id`, `layout_id`, `code`, `position`, `sort_order`) VALUES ('3149', '12', 'featured.28', 'column_left', '3');
INSERT INTO `oc_layout_module` (`layout_module_id`, `layout_id`, `code`, `position`, `sort_order`) VALUES ('3160', '8', 'featured.28', 'column_left', '3');
INSERT INTO `oc_layout_module` (`layout_module_id`, `layout_id`, `code`, `position`, `sort_order`) VALUES ('3171', '4', 'featured.28', 'column_left', '3');
INSERT INTO `oc_layout_module` (`layout_module_id`, `layout_id`, `code`, `position`, `sort_order`) VALUES ('3182', '11', 'featured.28', 'column_left', '3');
INSERT INTO `oc_layout_module` (`layout_module_id`, `layout_id`, `code`, `position`, `sort_order`) VALUES ('3204', '2', 'featured.28', 'column_left', '3');
INSERT INTO `oc_layout_module` (`layout_module_id`, `layout_id`, `code`, `position`, `sort_order`) VALUES ('3215', '13', 'featured.28', 'column_left', '3');
INSERT INTO `oc_layout_module` (`layout_module_id`, `layout_id`, `code`, `position`, `sort_order`) VALUES ('3226', '9', 'featured.28', 'column_left', '3');
INSERT INTO `oc_layout_module` (`layout_module_id`, `layout_id`, `code`, `position`, `sort_order`) VALUES ('3332', '1', 'html.102', 'footer_top', '2');
INSERT INTO `oc_layout_module` (`layout_module_id`, `layout_id`, `code`, `position`, `sort_order`) VALUES ('3331', '1', 'html.56', 'footer_top', '1');
INSERT INTO `oc_layout_module` (`layout_module_id`, `layout_id`, `code`, `position`, `sort_order`) VALUES ('3103', '6', 'featured.28', 'column_left', '3');
INSERT INTO `oc_layout_module` (`layout_module_id`, `layout_id`, `code`, `position`, `sort_order`) VALUES ('3113', '10', 'banner.30', 'column_left', '2');
INSERT INTO `oc_layout_module` (`layout_module_id`, `layout_id`, `code`, `position`, `sort_order`) VALUES ('3137', '7', 'banner.30', 'column_left', '2');
INSERT INTO `oc_layout_module` (`layout_module_id`, `layout_id`, `code`, `position`, `sort_order`) VALUES ('3102', '6', 'banner.30', 'column_left', '2');
INSERT INTO `oc_layout_module` (`layout_module_id`, `layout_id`, `code`, `position`, `sort_order`) VALUES ('3148', '12', 'banner.30', 'column_left', '2');
INSERT INTO `oc_layout_module` (`layout_module_id`, `layout_id`, `code`, `position`, `sort_order`) VALUES ('3159', '8', 'banner.30', 'column_left', '2');
INSERT INTO `oc_layout_module` (`layout_module_id`, `layout_id`, `code`, `position`, `sort_order`) VALUES ('3101', '6', 'category', 'column_left', '0');
INSERT INTO `oc_layout_module` (`layout_module_id`, `layout_id`, `code`, `position`, `sort_order`) VALUES ('3170', '4', 'banner.30', 'column_left', '2');
INSERT INTO `oc_layout_module` (`layout_module_id`, `layout_id`, `code`, `position`, `sort_order`) VALUES ('3181', '11', 'banner.30', 'column_left', '2');
INSERT INTO `oc_layout_module` (`layout_module_id`, `layout_id`, `code`, `position`, `sort_order`) VALUES ('3203', '2', 'banner.30', 'column_left', '2');
INSERT INTO `oc_layout_module` (`layout_module_id`, `layout_id`, `code`, `position`, `sort_order`) VALUES ('3330', '1', 'ttnewslettersubscribe.93', 'footer_top', '0');
INSERT INTO `oc_layout_module` (`layout_module_id`, `layout_id`, `code`, `position`, `sort_order`) VALUES ('3214', '13', 'banner.30', 'column_left', '2');
INSERT INTO `oc_layout_module` (`layout_module_id`, `layout_id`, `code`, `position`, `sort_order`) VALUES ('3225', '9', 'banner.30', 'column_left', '2');
INSERT INTO `oc_layout_module` (`layout_module_id`, `layout_id`, `code`, `position`, `sort_order`) VALUES ('3329', '1', 'html.76', 'footer_left', '0');
INSERT INTO `oc_layout_module` (`layout_module_id`, `layout_id`, `code`, `position`, `sort_order`) VALUES ('3328', '1', 'carousel.29', 'content_bottom', '8');
INSERT INTO `oc_layout_module` (`layout_module_id`, `layout_id`, `code`, `position`, `sort_order`) VALUES ('3100', '6', 'tt_mega_category', 'header_bottom', '0');
INSERT INTO `oc_layout_module` (`layout_module_id`, `layout_id`, `code`, `position`, `sort_order`) VALUES ('3112', '10', 'category', 'column_left', '0');
INSERT INTO `oc_layout_module` (`layout_module_id`, `layout_id`, `code`, `position`, `sort_order`) VALUES ('3237', '3', 'banner.30', 'column_left', '2');
INSERT INTO `oc_layout_module` (`layout_module_id`, `layout_id`, `code`, `position`, `sort_order`) VALUES ('3136', '7', 'category', 'column_left', '0');
INSERT INTO `oc_layout_module` (`layout_module_id`, `layout_id`, `code`, `position`, `sort_order`) VALUES ('3147', '12', 'category', 'column_left', '0');
INSERT INTO `oc_layout_module` (`layout_module_id`, `layout_id`, `code`, `position`, `sort_order`) VALUES ('3158', '8', 'category', 'column_left', '0');
INSERT INTO `oc_layout_module` (`layout_module_id`, `layout_id`, `code`, `position`, `sort_order`) VALUES ('3169', '4', 'category', 'column_left', '0');
INSERT INTO `oc_layout_module` (`layout_module_id`, `layout_id`, `code`, `position`, `sort_order`) VALUES ('3180', '11', 'category', 'column_left', '0');
INSERT INTO `oc_layout_module` (`layout_module_id`, `layout_id`, `code`, `position`, `sort_order`) VALUES ('3191', '5', 'category', 'column_left', '0');
INSERT INTO `oc_layout_module` (`layout_module_id`, `layout_id`, `code`, `position`, `sort_order`) VALUES ('3202', '2', 'category', 'column_left', '0');
INSERT INTO `oc_layout_module` (`layout_module_id`, `layout_id`, `code`, `position`, `sort_order`) VALUES ('3213', '13', 'category', 'column_left', '0');
INSERT INTO `oc_layout_module` (`layout_module_id`, `layout_id`, `code`, `position`, `sort_order`) VALUES ('3224', '9', 'category', 'column_left', '0');
INSERT INTO `oc_layout_module` (`layout_module_id`, `layout_id`, `code`, `position`, `sort_order`) VALUES ('3111', '10', 'tt_mega_category', 'header_bottom', '0');
INSERT INTO `oc_layout_module` (`layout_module_id`, `layout_id`, `code`, `position`, `sort_order`) VALUES ('3236', '3', 'filter', 'column_left', '1');
INSERT INTO `oc_layout_module` (`layout_module_id`, `layout_id`, `code`, `position`, `sort_order`) VALUES ('3135', '7', 'tt_mega_category', 'header_bottom', '0');
INSERT INTO `oc_layout_module` (`layout_module_id`, `layout_id`, `code`, `position`, `sort_order`) VALUES ('3146', '12', 'tt_mega_category', 'header_bottom', '0');
INSERT INTO `oc_layout_module` (`layout_module_id`, `layout_id`, `code`, `position`, `sort_order`) VALUES ('3326', '1', 'tt_category_tab.80', 'content_bottom', '6');
INSERT INTO `oc_layout_module` (`layout_module_id`, `layout_id`, `code`, `position`, `sort_order`) VALUES ('3157', '8', 'tt_mega_category', 'header_bottom', '0');
INSERT INTO `oc_layout_module` (`layout_module_id`, `layout_id`, `code`, `position`, `sort_order`) VALUES ('3168', '4', 'tt_mega_category', 'header_bottom', '0');
INSERT INTO `oc_layout_module` (`layout_module_id`, `layout_id`, `code`, `position`, `sort_order`) VALUES ('3325', '1', 'html.95', 'content_bottom', '5');
INSERT INTO `oc_layout_module` (`layout_module_id`, `layout_id`, `code`, `position`, `sort_order`) VALUES ('3179', '11', 'tt_mega_category', 'header_bottom', '0');
INSERT INTO `oc_layout_module` (`layout_module_id`, `layout_id`, `code`, `position`, `sort_order`) VALUES ('3190', '5', 'tt_mega_category', 'header_bottom', '0');
INSERT INTO `oc_layout_module` (`layout_module_id`, `layout_id`, `code`, `position`, `sort_order`) VALUES ('3324', '1', 'bestseller.98', 'content_bottom', '4');
INSERT INTO `oc_layout_module` (`layout_module_id`, `layout_id`, `code`, `position`, `sort_order`) VALUES ('3201', '2', 'tt_mega_category', 'header_bottom', '0');
INSERT INTO `oc_layout_module` (`layout_module_id`, `layout_id`, `code`, `position`, `sort_order`) VALUES ('3323', '1', 'html.105', 'content_bottom', '3');
INSERT INTO `oc_layout_module` (`layout_module_id`, `layout_id`, `code`, `position`, `sort_order`) VALUES ('3212', '13', 'tt_mega_category', 'header_bottom', '0');
INSERT INTO `oc_layout_module` (`layout_module_id`, `layout_id`, `code`, `position`, `sort_order`) VALUES ('3322', '1', 'tt_special_countdown.81', 'content_bottom', '2');
INSERT INTO `oc_layout_module` (`layout_module_id`, `layout_id`, `code`, `position`, `sort_order`) VALUES ('3223', '9', 'tt_mega_category', 'header_bottom', '0');
INSERT INTO `oc_layout_module` (`layout_module_id`, `layout_id`, `code`, `position`, `sort_order`) VALUES ('3321', '1', 'html.86', 'content_bottom', '1');
INSERT INTO `oc_layout_module` (`layout_module_id`, `layout_id`, `code`, `position`, `sort_order`) VALUES ('3319', '1', 'ttnewslettersubscribe.94', 'content_top', '3');
INSERT INTO `oc_layout_module` (`layout_module_id`, `layout_id`, `code`, `position`, `sort_order`) VALUES ('3107', '6', 'html.102', 'footer_top', '2');
INSERT INTO `oc_layout_module` (`layout_module_id`, `layout_id`, `code`, `position`, `sort_order`) VALUES ('3108', '6', 'html.53', 'footer_bottom', '0');
INSERT INTO `oc_layout_module` (`layout_module_id`, `layout_id`, `code`, `position`, `sort_order`) VALUES ('3109', '6', 'html.49', 'footer_right', '0');
INSERT INTO `oc_layout_module` (`layout_module_id`, `layout_id`, `code`, `position`, `sort_order`) VALUES ('3118', '10', 'html.102', 'footer_top', '2');
INSERT INTO `oc_layout_module` (`layout_module_id`, `layout_id`, `code`, `position`, `sort_order`) VALUES ('3119', '10', 'html.53', 'footer_bottom', '0');
INSERT INTO `oc_layout_module` (`layout_module_id`, `layout_id`, `code`, `position`, `sort_order`) VALUES ('3120', '10', 'html.49', 'footer_right', '0');
INSERT INTO `oc_layout_module` (`layout_module_id`, `layout_id`, `code`, `position`, `sort_order`) VALUES ('3235', '3', 'category', 'column_left', '0');
INSERT INTO `oc_layout_module` (`layout_module_id`, `layout_id`, `code`, `position`, `sort_order`) VALUES ('3234', '3', 'tt_mega_category', 'header_bottom', '0');
INSERT INTO `oc_layout_module` (`layout_module_id`, `layout_id`, `code`, `position`, `sort_order`) VALUES ('3142', '7', 'html.102', 'footer_top', '2');
INSERT INTO `oc_layout_module` (`layout_module_id`, `layout_id`, `code`, `position`, `sort_order`) VALUES ('3143', '7', 'html.53', 'footer_bottom', '0');
INSERT INTO `oc_layout_module` (`layout_module_id`, `layout_id`, `code`, `position`, `sort_order`) VALUES ('3144', '7', 'html.49', 'footer_right', '0');
INSERT INTO `oc_layout_module` (`layout_module_id`, `layout_id`, `code`, `position`, `sort_order`) VALUES ('3153', '12', 'html.102', 'footer_top', '2');
INSERT INTO `oc_layout_module` (`layout_module_id`, `layout_id`, `code`, `position`, `sort_order`) VALUES ('3154', '12', 'html.53', 'footer_bottom', '0');
INSERT INTO `oc_layout_module` (`layout_module_id`, `layout_id`, `code`, `position`, `sort_order`) VALUES ('3155', '12', 'html.49', 'footer_right', '0');
INSERT INTO `oc_layout_module` (`layout_module_id`, `layout_id`, `code`, `position`, `sort_order`) VALUES ('3164', '8', 'html.102', 'footer_top', '2');
INSERT INTO `oc_layout_module` (`layout_module_id`, `layout_id`, `code`, `position`, `sort_order`) VALUES ('3165', '8', 'html.53', 'footer_bottom', '0');
INSERT INTO `oc_layout_module` (`layout_module_id`, `layout_id`, `code`, `position`, `sort_order`) VALUES ('3166', '8', 'html.49', 'footer_right', '0');
INSERT INTO `oc_layout_module` (`layout_module_id`, `layout_id`, `code`, `position`, `sort_order`) VALUES ('3175', '4', 'html.102', 'footer_top', '2');
INSERT INTO `oc_layout_module` (`layout_module_id`, `layout_id`, `code`, `position`, `sort_order`) VALUES ('3176', '4', 'html.53', 'footer_bottom', '0');
INSERT INTO `oc_layout_module` (`layout_module_id`, `layout_id`, `code`, `position`, `sort_order`) VALUES ('3177', '4', 'html.49', 'footer_right', '0');
INSERT INTO `oc_layout_module` (`layout_module_id`, `layout_id`, `code`, `position`, `sort_order`) VALUES ('3186', '11', 'html.102', 'footer_top', '2');
INSERT INTO `oc_layout_module` (`layout_module_id`, `layout_id`, `code`, `position`, `sort_order`) VALUES ('3187', '11', 'html.53', 'footer_bottom', '0');
INSERT INTO `oc_layout_module` (`layout_module_id`, `layout_id`, `code`, `position`, `sort_order`) VALUES ('3188', '11', 'html.49', 'footer_right', '0');
INSERT INTO `oc_layout_module` (`layout_module_id`, `layout_id`, `code`, `position`, `sort_order`) VALUES ('3198', '5', 'html.53', 'footer_bottom', '0');
INSERT INTO `oc_layout_module` (`layout_module_id`, `layout_id`, `code`, `position`, `sort_order`) VALUES ('3199', '5', 'html.49', 'footer_right', '0');
INSERT INTO `oc_layout_module` (`layout_module_id`, `layout_id`, `code`, `position`, `sort_order`) VALUES ('3208', '2', 'html.102', 'footer_top', '2');
INSERT INTO `oc_layout_module` (`layout_module_id`, `layout_id`, `code`, `position`, `sort_order`) VALUES ('3209', '2', 'html.53', 'footer_bottom', '0');
INSERT INTO `oc_layout_module` (`layout_module_id`, `layout_id`, `code`, `position`, `sort_order`) VALUES ('3210', '2', 'html.49', 'footer_right', '0');
INSERT INTO `oc_layout_module` (`layout_module_id`, `layout_id`, `code`, `position`, `sort_order`) VALUES ('3219', '13', 'html.102', 'footer_top', '2');
INSERT INTO `oc_layout_module` (`layout_module_id`, `layout_id`, `code`, `position`, `sort_order`) VALUES ('3220', '13', 'html.53', 'footer_bottom', '0');
INSERT INTO `oc_layout_module` (`layout_module_id`, `layout_id`, `code`, `position`, `sort_order`) VALUES ('3221', '13', 'html.49', 'footer_right', '0');
INSERT INTO `oc_layout_module` (`layout_module_id`, `layout_id`, `code`, `position`, `sort_order`) VALUES ('3230', '9', 'html.102', 'footer_top', '2');
INSERT INTO `oc_layout_module` (`layout_module_id`, `layout_id`, `code`, `position`, `sort_order`) VALUES ('3231', '9', 'html.53', 'footer_bottom', '0');
INSERT INTO `oc_layout_module` (`layout_module_id`, `layout_id`, `code`, `position`, `sort_order`) VALUES ('3232', '9', 'html.49', 'footer_right', '0');
INSERT INTO `oc_layout_module` (`layout_module_id`, `layout_id`, `code`, `position`, `sort_order`) VALUES ('3242', '3', 'html.56', 'footer_top', '1');
INSERT INTO `oc_layout_module` (`layout_module_id`, `layout_id`, `code`, `position`, `sort_order`) VALUES ('3243', '3', 'html.102', 'footer_top', '2');
INSERT INTO `oc_layout_module` (`layout_module_id`, `layout_id`, `code`, `position`, `sort_order`) VALUES ('3244', '3', 'html.53', 'footer_bottom', '0');
INSERT INTO `oc_layout_module` (`layout_module_id`, `layout_id`, `code`, `position`, `sort_order`) VALUES ('3245', '3', 'html.49', 'footer_right', '0');
INSERT INTO `oc_layout_module` (`layout_module_id`, `layout_id`, `code`, `position`, `sort_order`) VALUES ('3320', '1', 'tt_product_tab.33', 'content_bottom', '0');
INSERT INTO `oc_layout_module` (`layout_module_id`, `layout_id`, `code`, `position`, `sort_order`) VALUES ('3318', '1', 'slideshow.27', 'content_top', '0');
INSERT INTO `oc_layout_module` (`layout_module_id`, `layout_id`, `code`, `position`, `sort_order`) VALUES ('3317', '1', 'special.99', 'column_left', '3');
INSERT INTO `oc_layout_module` (`layout_module_id`, `layout_id`, `code`, `position`, `sort_order`) VALUES ('3315', '1', 'banner.30', 'column_left', '1');
INSERT INTO `oc_layout_module` (`layout_module_id`, `layout_id`, `code`, `position`, `sort_order`) VALUES ('3316', '1', 'tt_category_feature.104', 'column_left', '2');
INSERT INTO `oc_layout_module` (`layout_module_id`, `layout_id`, `code`, `position`, `sort_order`) VALUES ('3313', '1', 'tt_mega_category', 'header_bottom', '0');
INSERT INTO `oc_layout_module` (`layout_module_id`, `layout_id`, `code`, `position`, `sort_order`) VALUES ('3314', '1', 'html.103', 'column_left', '0');


TRUNCATE TABLE `oc_module`;

INSERT INTO `oc_module` (`module_id`, `name`, `code`, `setting`) VALUES ('30', 'Category-Left-Banner', 'banner', '{"name":"Category-Left-Banner","banner_id":"6","width":"320","height":"450","status":"1"}');
INSERT INTO `oc_module` (`module_id`, `name`, `code`, `setting`) VALUES ('29', 'Manufacturers', 'carousel', '{"name":"Manufacturers","banner_id":"8","width":"140","height":"100","status":"1"}');
INSERT INTO `oc_module` (`module_id`, `name`, `code`, `setting`) VALUES ('28', 'Left-Feature', 'featured', '{"name":"Left-Feature","product_name":"","product":["43","40","42","30","28"],"limit":"5","width":"70","height":"91","status":"1"}');
INSERT INTO `oc_module` (`module_id`, `name`, `code`, `setting`) VALUES ('27', 'Home Page Slideshow', 'slideshow', '{"name":"Home Page Slideshow","banner_id":"7","width":"1903","height":"700","status":"1"}');
INSERT INTO `oc_module` (`module_id`, `name`, `code`, `setting`) VALUES ('33', 'TT-Trending Products', 'tt_product_tab', '{"name":"TT-Trending Products","featured_products":"1","latest_products":"1","special_products":"1","product":["42","46","40","48","29","35","43","49","31","41","28","47","45","44"],"limit":"20","width":"242","height":"315","status":"1","bestseller_products":0}');
INSERT INTO `oc_module` (`module_id`, `name`, `code`, `setting`) VALUES ('49', 'TT-CMS-ContactUs', 'html', '{"name":"TT-CMS-ContactUs","module_description":{"1":{"title":"","description":"&lt;div class=&quot;contact-us&quot;&gt;\r\n&lt;h5 class=&quot;&quot;&gt;Store Information&lt;\\/h5&gt;\r\n&lt;ul style=&quot;display: block;&quot; class=&quot;list-unstyled&quot;&gt;\r\n&lt;li class=&quot;contact-detail&quot;&gt;\r\n&lt;div class=&quot;data address&quot;&gt;\r\n&lt;i class=&quot;fa fa-map-marker&quot;&gt;&lt;\\/i&gt;\r\n&lt;div class=&quot;contact-address&quot;&gt;Demo Store&lt;br&gt;United States&lt;\\/div&gt;\r\n&lt;\\/div&gt;\r\n&lt;\\/li&gt;\r\n&lt;li class=&quot;email&quot;&gt;\r\n&lt;div class=&quot;data email&quot;&gt;\r\n&lt;i class=&quot;fa fa-envelope&quot;&gt;&lt;\\/i&gt;\r\n&lt;span class=&quot;email-address&quot;&gt;\r\n&lt;a href=&quot;mailto:demo@gmail.com&quot;&gt;demo@gmail.com&lt;\\/a&gt;\r\n&lt;\\/span&gt;\r\n&lt;\\/div&gt;\r\n&lt;\\/li&gt;\r\n\r\n&lt;li class=&quot;fax&quot;&gt;\r\n&lt;div class=&quot;data fax&quot;&gt;\r\n&lt;i class=&quot;fa fa-fax&quot;&gt;&lt;\\/i&gt;\r\n&lt;span class=&quot;fax-address&quot;&gt;\r\n&lt;a href=&quot;#&quot;&gt;22354863&lt;\\/a&gt;\r\n&lt;\\/span&gt;\r\n&lt;\\/div&gt;\r\n&lt;\\/li&gt;\r\n\r\n&lt;li class=&quot;contact&quot;&gt;\r\n&lt;div class=&quot;data contact&quot;&gt;\r\n&lt;i class=&quot;fa fa-phone&quot;&gt;&lt;\\/i&gt; \r\n&lt;span class=&quot;phone&quot;&gt;\r\n&lt;a href=&quot;#&quot;&gt;0123456789&lt;\\/a&gt;\r\n&lt;\\/span&gt;\r\n&lt;\\/div&gt;\r\n&lt;\\/li&gt;\r\n&lt;\\/ul&gt;\r\n&lt;\\/div&gt;"},"2":{"title":"","description":"&lt;div class=&quot;contact-us&quot;&gt;\r\n&lt;h5 class=&quot;&quot;&gt;Store Information&lt;\\/h5&gt;\r\n&lt;ul style=&quot;display: block;&quot; class=&quot;list-unstyled&quot;&gt;\r\n&lt;li class=&quot;contact-detail&quot;&gt;\r\n&lt;div class=&quot;data address&quot;&gt;\r\n&lt;i class=&quot;fa fa-map-marker&quot;&gt;&lt;\\/i&gt;\r\n&lt;div class=&quot;contact-address&quot;&gt;Demo Store&lt;br&gt;United States&lt;\\/div&gt;\r\n&lt;\\/div&gt;\r\n&lt;\\/li&gt;\r\n&lt;li class=&quot;email&quot;&gt;\r\n&lt;div class=&quot;data email&quot;&gt;\r\n&lt;i class=&quot;fa fa-envelope&quot;&gt;&lt;\\/i&gt;\r\n&lt;span class=&quot;email-address&quot;&gt;\r\n&lt;a href=&quot;mailto:demo@gmail.com&quot;&gt;demo@gmail.com&lt;\\/a&gt;\r\n&lt;\\/span&gt;\r\n&lt;\\/div&gt;\r\n&lt;\\/li&gt;\r\n\r\n&lt;li class=&quot;fax&quot;&gt;\r\n&lt;div class=&quot;data fax&quot;&gt;\r\n&lt;i class=&quot;fa fa-fax&quot;&gt;&lt;\\/i&gt;\r\n&lt;span class=&quot;fax-address&quot;&gt;\r\n&lt;a href=&quot;#&quot;&gt;22354863&lt;\\/a&gt;\r\n&lt;\\/span&gt;\r\n&lt;\\/div&gt;\r\n&lt;\\/li&gt;\r\n\r\n&lt;li class=&quot;contact&quot;&gt;\r\n&lt;div class=&quot;data contact&quot;&gt;\r\n&lt;i class=&quot;fa fa-phone&quot;&gt;&lt;\\/i&gt; \r\n&lt;span class=&quot;phone&quot;&gt;\r\n&lt;a href=&quot;#&quot;&gt;0123456789&lt;\\/a&gt;\r\n&lt;\\/span&gt;\r\n&lt;\\/div&gt;\r\n&lt;\\/li&gt;\r\n&lt;\\/ul&gt;\r\n&lt;\\/div&gt;"}},"status":"1"}');
INSERT INTO `oc_module` (`module_id`, `name`, `code`, `setting`) VALUES ('92', 'TT-CMS-Leftbanner', 'html', '{"name":"TT-CMS-Leftbanner","module_description":{"1":{"title":"","description":"&lt;div id=&quot;ttcmsleftbanner&quot; class=&quot;col-sm-3&quot;&gt;\r\n\t  &lt;div class=&quot;ttcmsleftbanner&quot;&gt;\r\n&lt;div class=&quot;ttcmsleftbanner-img ttbanner banner1&quot;&gt;&lt;a href=&quot;#&quot;&gt;&lt;img src=&quot;image\\/catalog\\/demo\\/banners\\/leftbanner-01.jpg&quot; alt=&quot;leftbanner-01.jpg&quot;&gt;&lt;\\/a&gt;&lt;\\/div&gt;\r\n&lt;div class=&quot;ttcmsleftbanner-img ttbanner banner2&quot;&gt;&lt;a href=&quot;#&quot;&gt;&lt;img src=&quot;image\\/catalog\\/demo\\/banners\\/leftbanner-02.jpg&quot; alt=&quot;leftbanner-02.jpg&quot;&gt;&lt;\\/a&gt;&lt;\\/div&gt;\r\n&lt;\\/div&gt;\r\n&lt;\\/div&gt;"},"2":{"title":"","description":"&lt;div id=&quot;ttcmsleftbanner&quot; class=&quot;col-sm-3&quot;&gt;\r\n\t  &lt;div class=&quot;ttcmsleftbanner&quot;&gt;\r\n&lt;div class=&quot;ttcmsleftbanner-img ttbanner banner1&quot;&gt;&lt;a href=&quot;#&quot;&gt;&lt;img src=&quot;image\\/catalog\\/demo\\/banners\\/leftbanner-01.jpg&quot; alt=&quot;leftbanner-01.jpg&quot;&gt;&lt;\\/a&gt;&lt;\\/div&gt;\r\n&lt;div class=&quot;ttcmsleftbanner-img ttbanner banner2&quot;&gt;&lt;a href=&quot;#&quot;&gt;&lt;img src=&quot;image\\/catalog\\/demo\\/banners\\/leftbanner-02.jpg&quot; alt=&quot;leftbanner-02.jpg&quot;&gt;&lt;\\/a&gt;&lt;\\/div&gt;\r\n&lt;\\/div&gt;\r\n&lt;\\/div&gt;"}},"status":"1"}');
INSERT INTO `oc_module` (`module_id`, `name`, `code`, `setting`) VALUES ('102', 'TT-CMS-Payment', 'html', '{"name":"TT-CMS-Payment","module_description":{"1":{"title":"","description":"&lt;div id=&quot;ttcmspaymentlogo&quot; class=&quot;col-md-3&quot;&gt;\r\n  &lt;div class=&quot;payment_logo_block&quot;&gt;\r\n&lt;div class=&quot;payment-title&quot;&gt;Accepted Payment Methods&lt;\\/div&gt;\r\n&lt;ul class=&quot;payment-list&quot;&gt;\r\n  &lt;li class=&quot;visa&quot;&gt;&lt;a href=&quot;#&quot;&gt; &lt;img alt=&quot;visa&quot; src=&quot;image\\/catalog\\/demo\\/banners\\/payment-visa.png&quot;&gt;&lt;\\/a&gt;&lt;\\/li&gt;\r\n&lt;li class=&quot;mastercard&quot;&gt;&lt;a href=&quot;#&quot;&gt; &lt;img alt=&quot;mastercard&quot; src=&quot;image\\/catalog\\/demo\\/banners\\/payment-mastercard.png&quot;&gt;&lt;\\/a&gt;&lt;\\/li&gt;\r\n&lt;li class=&quot;paypal&quot;&gt;&lt;a href=&quot;#&quot;&gt; &lt;img alt=&quot;paypal&quot; src=&quot;image\\/catalog\\/demo\\/banners\\/payment-paypal.png&quot;&gt;&lt;\\/a&gt;&lt;\\/li&gt;\r\n&lt;li class=&quot;cod&quot;&gt;&lt;a href=&quot;#&quot;&gt; &lt;img alt=&quot;paypal&quot; src=&quot;image\\/catalog\\/demo\\/banners\\/payment-cod.png&quot;&gt;&lt;\\/a&gt;&lt;\\/li&gt;\r\n&lt;li class=&quot;google&quot;&gt;&lt;a href=&quot;#&quot;&gt; &lt;img alt=&quot;paypal&quot; src=&quot;image\\/catalog\\/demo\\/banners\\/payment-google.png&quot;&gt;&lt;\\/a&gt;&lt;\\/li&gt;\r\n&lt;\\/ul&gt;\r\n&lt;\\/div&gt;\r\n&lt;\\/div&gt;"},"2":{"title":"","description":"&lt;div id=&quot;ttcmspaymentlogo&quot; class=&quot;col-md-3&quot;&gt;\r\n  &lt;div class=&quot;payment_logo_block&quot;&gt;\r\n&lt;div class=&quot;payment-title&quot;&gt;Accepted Payment Methods&lt;\\/div&gt;\r\n&lt;ul class=&quot;payment-list&quot;&gt;\r\n  &lt;li class=&quot;visa&quot;&gt;&lt;a href=&quot;#&quot;&gt; &lt;img alt=&quot;visa&quot; src=&quot;image\\/catalog\\/demo\\/banners\\/payment-visa.png&quot;&gt;&lt;\\/a&gt;&lt;\\/li&gt;\r\n&lt;li class=&quot;mastercard&quot;&gt;&lt;a href=&quot;#&quot;&gt; &lt;img alt=&quot;mastercard&quot; src=&quot;image\\/catalog\\/demo\\/banners\\/payment-mastercard.png&quot;&gt;&lt;\\/a&gt;&lt;\\/li&gt;\r\n&lt;li class=&quot;paypal&quot;&gt;&lt;a href=&quot;#&quot;&gt; &lt;img alt=&quot;paypal&quot; src=&quot;image\\/catalog\\/demo\\/banners\\/payment-paypal.png&quot;&gt;&lt;\\/a&gt;&lt;\\/li&gt;\r\n&lt;li class=&quot;cod&quot;&gt;&lt;a href=&quot;#&quot;&gt; &lt;img alt=&quot;paypal&quot; src=&quot;image\\/catalog\\/demo\\/banners\\/payment-cod.png&quot;&gt;&lt;\\/a&gt;&lt;\\/li&gt;\r\n&lt;li class=&quot;google&quot;&gt;&lt;a href=&quot;#&quot;&gt; &lt;img alt=&quot;paypal&quot; src=&quot;image\\/catalog\\/demo\\/banners\\/payment-google.png&quot;&gt;&lt;\\/a&gt;&lt;\\/li&gt;\r\n&lt;\\/ul&gt;\r\n&lt;\\/div&gt;\r\n&lt;\\/div&gt;"}},"status":"1"}');
INSERT INTO `oc_module` (`module_id`, `name`, `code`, `setting`) VALUES ('93', 'TT-Newslatter', 'ttnewslettersubscribe', '{"name":"TT-Newslatter","popup":"0","status":"1","newslettersubscribe_unsubscribe":"1","newslettersubscribe_mail_status":"1","newslettersubscribe_thickbox":"1","newslettersubscribe_registered":"1","store_id":"0","to":"sendall","customer_group_id":"1","customers":"","affiliates":"","products":"","subject":"","message":""}');
INSERT INTO `oc_module` (`module_id`, `name`, `code`, `setting`) VALUES ('53', 'TT-CMS-FollowUs', 'html', '{"name":"TT-CMS-FollowUs","module_description":{"1":{"title":"","description":"&lt;div class=&quot;follow-us&quot;&gt;\r\n&lt;h5&gt;Follow us&lt;\\/h5&gt;\r\n&lt;ul class=&quot;list-unstyled&quot;&gt;\r\n\t &lt;li class=&quot;facebook&quot;&gt;\r\n\t\t&lt;a target=&quot;_blank&quot; class=&quot;_blank&quot; href=&quot;#&quot; title=&quot;Facebook&quot;&gt;\r\n\t\t&lt;i class=&quot;fa fa-facebook&quot;&gt;&lt;\\/i&gt;\r\n\t\t&lt;\\/a&gt;\r\n\t&lt;\\/li&gt;\r\n\t&lt;li class=&quot;twitter&quot;&gt;\r\n\t\t&lt;a target=&quot;_blank&quot; class=&quot;_blank&quot; href=&quot;#&quot; title=&quot;Twitter&quot;&gt;\r\n\t\t&lt;i class=&quot;fa fa-twitter&quot;&gt;&lt;\\/i&gt;\r\n\t\t&lt;\\/a&gt;\r\n\t&lt;\\/li&gt;\r\n\t&lt;li class=&quot;rss&quot;&gt;\r\n\t\t&lt;a target=&quot;_blank&quot; class=&quot;_blank&quot; href=&quot;#&quot; title=&quot;RSS&quot;&gt;\r\n\t\t&lt;i class=&quot;fa fa-rss&quot;&gt;&lt;\\/i&gt;\r\n\t\t&lt;\\/a&gt;\r\n\t&lt;\\/li&gt;\r\n\t&lt;li class=&quot;google-plus&quot;&gt;\r\n\t\t&lt;a target=&quot;_blank&quot; class=&quot;_blank&quot; href=&quot;#&quot; rel=&quot;publisher&quot; title=&quot;Google Plus&quot;&gt;\r\n\t\t&lt;i class=&quot;fa fa-google-plus&quot;&gt;&lt;\\/i&gt;\r\n\t\t&lt;\\/a&gt;\r\n\t&lt;\\/li&gt;\r\n\t&lt;li class=&quot;pinterest&quot;&gt;\r\n\t\t&lt;a target=&quot;_blank&quot; class=&quot;_blank&quot; href=&quot;#&quot; rel=&quot;publisher&quot; title=&quot;pinterest&quot;&gt;\r\n\t\t&lt;i aria-hidden=&quot;true&quot; class=&quot;fa fa-pinterest-p&quot;&gt;&lt;\\/i&gt;\r\n\t\t&lt;\\/a&gt;\r\n\t&lt;\\/li&gt;\r\n\t&lt;li class=&quot;instagram&quot;&gt;\r\n\t\t&lt;a target=&quot;_blank&quot; class=&quot;_blank&quot; href=&quot;#&quot; rel=&quot;publisher&quot; title=&quot;instagram&quot;&gt;\r\n\t\t&lt;i aria-hidden=&quot;true&quot; class=&quot;fa fa-instagram&quot;&gt;&lt;\\/i&gt;\r\n\t\t&lt;\\/a&gt;\r\n\t&lt;\\/li&gt;\r\n\r\n&lt;\\/ul&gt;\r\n&lt;\\/div&gt;"},"2":{"title":"","description":"&lt;div class=&quot;follow-us&quot;&gt;\r\n&lt;h5&gt;Follow us&lt;\\/h5&gt;\r\n&lt;ul class=&quot;list-unstyled&quot;&gt;\r\n\t &lt;li class=&quot;facebook&quot;&gt;\r\n\t\t&lt;a target=&quot;_blank&quot; class=&quot;_blank&quot; href=&quot;#&quot; title=&quot;Facebook&quot;&gt;\r\n\t\t&lt;i class=&quot;fa fa-facebook&quot;&gt;&lt;\\/i&gt;\r\n\t\t&lt;\\/a&gt;\r\n\t&lt;\\/li&gt;\r\n\t&lt;li class=&quot;twitter&quot;&gt;\r\n\t\t&lt;a target=&quot;_blank&quot; class=&quot;_blank&quot; href=&quot;#&quot; title=&quot;Twitter&quot;&gt;\r\n\t\t&lt;i class=&quot;fa fa-twitter&quot;&gt;&lt;\\/i&gt;\r\n\t\t&lt;\\/a&gt;\r\n\t&lt;\\/li&gt;\r\n\t&lt;li class=&quot;rss&quot;&gt;\r\n\t\t&lt;a target=&quot;_blank&quot; class=&quot;_blank&quot; href=&quot;#&quot; title=&quot;RSS&quot;&gt;\r\n\t\t&lt;i class=&quot;fa fa-rss&quot;&gt;&lt;\\/i&gt;\r\n\t\t&lt;\\/a&gt;\r\n\t&lt;\\/li&gt;\r\n\t&lt;li class=&quot;google-plus&quot;&gt;\r\n\t\t&lt;a target=&quot;_blank&quot; class=&quot;_blank&quot; href=&quot;#&quot; rel=&quot;publisher&quot; title=&quot;Google Plus&quot;&gt;\r\n\t\t&lt;i class=&quot;fa fa-google-plus&quot;&gt;&lt;\\/i&gt;\r\n\t\t&lt;\\/a&gt;\r\n\t&lt;\\/li&gt;\r\n\t&lt;li class=&quot;pinterest&quot;&gt;\r\n\t\t&lt;a target=&quot;_blank&quot; class=&quot;_blank&quot; href=&quot;#&quot; rel=&quot;publisher&quot; title=&quot;pinterest&quot;&gt;\r\n\t\t&lt;i aria-hidden=&quot;true&quot; class=&quot;fa fa-pinterest-p&quot;&gt;&lt;\\/i&gt;\r\n\t\t&lt;\\/a&gt;\r\n\t&lt;\\/li&gt;\r\n\t&lt;li class=&quot;instagram&quot;&gt;\r\n\t\t&lt;a target=&quot;_blank&quot; class=&quot;_blank&quot; href=&quot;#&quot; rel=&quot;publisher&quot; title=&quot;instagram&quot;&gt;\r\n\t\t&lt;i aria-hidden=&quot;true&quot; class=&quot;fa fa-instagram&quot;&gt;&lt;\\/i&gt;\r\n\t\t&lt;\\/a&gt;\r\n\t&lt;\\/li&gt;\r\n\r\n&lt;\\/ul&gt;\r\n&lt;\\/div&gt;"}},"status":"1"}');
INSERT INTO `oc_module` (`module_id`, `name`, `code`, `setting`) VALUES ('56', 'TT-CMS-Footer-Services', 'html', '{"name":"TT-CMS-Footer-Services","module_description":{"1":{"title":"","description":"&lt;div id=&quot;ttcmsfooterservice&quot; class=&quot;col-sm-12&quot;&gt;\r\n  &lt;div class=&quot;ttcmsservice-content&quot;&gt;\r\n&lt;div class=&quot;ttshipping service col-sm-3 col-xs-3&quot;&gt;\r\n&lt;div class=&quot;service-icon-background&quot;&gt;\r\n&lt;div class=&quot;ttshipping_img service-icon&quot;&gt;&lt;\\/div&gt;\r\n&lt;\\/div&gt;\r\n&lt;div class=&quot;service-content&quot;&gt;\r\n&lt;div class=&quot;service-title&quot;&gt;Free Shipping&lt;\\/div&gt;\r\n&lt;div class=&quot;service-desc&quot;&gt;Deliver to door&lt;\\/div&gt;\r\n&lt;\\/div&gt;\r\n&lt;\\/div&gt;\r\n&lt;div class=&quot;ttsupport service col-sm-3 col-xs-3&quot;&gt;\r\n&lt;div class=&quot;service-icon-background&quot;&gt;\r\n&lt;div class=&quot;ttsupport_img service-icon&quot;&gt;&lt;\\/div&gt;\r\n&lt;\\/div&gt;\r\n&lt;div class=&quot;service-content&quot;&gt;\r\n&lt;div class=&quot;service-title&quot;&gt;24*7 Support&lt;\\/div&gt;\r\n&lt;div class=&quot;service-desc&quot;&gt;in safe hands&lt;\\/div&gt;\r\n&lt;\\/div&gt;\r\n&lt;\\/div&gt;\r\n&lt;div class=&quot;ttsaving service col-sm-3 col-xs-3&quot;&gt;\r\n&lt;div class=&quot;service-icon-background&quot;&gt;\r\n&lt;div class=&quot;ttsaving_img service-icon&quot;&gt;&lt;\\/div&gt;\r\n&lt;\\/div&gt;\r\n&lt;div class=&quot;service-content&quot;&gt;\r\n&lt;div class=&quot;service-title&quot;&gt;big saving&lt;\\/div&gt;\r\n&lt;div class=&quot;service-desc&quot;&gt;at lowest price&lt;\\/div&gt;\r\n&lt;\\/div&gt;\r\n&lt;\\/div&gt;\r\n&lt;div class=&quot;ttmoney service col-sm-3 col-xs-3&quot;&gt;\r\n&lt;div class=&quot;service-icon-background&quot;&gt;\r\n&lt;div class=&quot;ttmoney_img service-icon&quot;&gt;&lt;\\/div&gt;\r\n&lt;\\/div&gt;\r\n&lt;div class=&quot;service-content&quot;&gt;\r\n&lt;div class=&quot;service-title&quot;&gt;money back&lt;\\/div&gt;\r\n&lt;div class=&quot;service-desc&quot;&gt;easy to return&lt;\\/div&gt;\r\n&lt;\\/div&gt;\r\n&lt;\\/div&gt;\r\n&lt;div class=&quot;ttexchange service col-sm-3 col-xs-3&quot;&gt;\r\n&lt;div class=&quot;service-icon-background&quot;&gt;\r\n&lt;div class=&quot;ttexchange_img service-icon&quot;&gt;&lt;\\/div&gt;\r\n&lt;\\/div&gt;\r\n&lt;div class=&quot;service-content&quot;&gt;\r\n&lt;div class=&quot;service-title&quot;&gt;exchange offer&lt;\\/div&gt;\r\n&lt;div class=&quot;service-desc&quot;&gt;easy to exchange&lt;\\/div&gt;\r\n&lt;\\/div&gt;\r\n&lt;\\/div&gt;\r\n&lt;\\/div&gt;\r\n&lt;\\/div&gt;"},"2":{"title":"","description":"&lt;div id=&quot;ttcmsfooterservice&quot; class=&quot;col-sm-12&quot;&gt;\r\n  &lt;div class=&quot;ttcmsservice-content&quot;&gt;\r\n&lt;div class=&quot;ttshipping service col-sm-3 col-xs-3&quot;&gt;\r\n&lt;div class=&quot;service-icon-background&quot;&gt;\r\n&lt;div class=&quot;ttshipping_img service-icon&quot;&gt;&lt;\\/div&gt;\r\n&lt;\\/div&gt;\r\n&lt;div class=&quot;service-content&quot;&gt;\r\n&lt;div class=&quot;service-title&quot;&gt;Free Shipping&lt;\\/div&gt;\r\n&lt;div class=&quot;service-desc&quot;&gt;Deliver to door&lt;\\/div&gt;\r\n&lt;\\/div&gt;\r\n&lt;\\/div&gt;\r\n&lt;div class=&quot;ttsupport service col-sm-3 col-xs-3&quot;&gt;\r\n&lt;div class=&quot;service-icon-background&quot;&gt;\r\n&lt;div class=&quot;ttsupport_img service-icon&quot;&gt;&lt;\\/div&gt;\r\n&lt;\\/div&gt;\r\n&lt;div class=&quot;service-content&quot;&gt;\r\n&lt;div class=&quot;service-title&quot;&gt;24*7 Support&lt;\\/div&gt;\r\n&lt;div class=&quot;service-desc&quot;&gt;in safe hands&lt;\\/div&gt;\r\n&lt;\\/div&gt;\r\n&lt;\\/div&gt;\r\n&lt;div class=&quot;ttsaving service col-sm-3 col-xs-3&quot;&gt;\r\n&lt;div class=&quot;service-icon-background&quot;&gt;\r\n&lt;div class=&quot;ttsaving_img service-icon&quot;&gt;&lt;\\/div&gt;\r\n&lt;\\/div&gt;\r\n&lt;div class=&quot;service-content&quot;&gt;\r\n&lt;div class=&quot;service-title&quot;&gt;big saving&lt;\\/div&gt;\r\n&lt;div class=&quot;service-desc&quot;&gt;at lowest price&lt;\\/div&gt;\r\n&lt;\\/div&gt;\r\n&lt;\\/div&gt;\r\n&lt;div class=&quot;ttmoney service col-sm-3 col-xs-3&quot;&gt;\r\n&lt;div class=&quot;service-icon-background&quot;&gt;\r\n&lt;div class=&quot;ttmoney_img service-icon&quot;&gt;&lt;\\/div&gt;\r\n&lt;\\/div&gt;\r\n&lt;div class=&quot;service-content&quot;&gt;\r\n&lt;div class=&quot;service-title&quot;&gt;money back&lt;\\/div&gt;\r\n&lt;div class=&quot;service-desc&quot;&gt;easy to return&lt;\\/div&gt;\r\n&lt;\\/div&gt;\r\n&lt;\\/div&gt;\r\n&lt;div class=&quot;ttexchange service col-sm-3 col-xs-3&quot;&gt;\r\n&lt;div class=&quot;service-icon-background&quot;&gt;\r\n&lt;div class=&quot;ttexchange_img service-icon&quot;&gt;&lt;\\/div&gt;\r\n&lt;\\/div&gt;\r\n&lt;div class=&quot;service-content&quot;&gt;\r\n&lt;div class=&quot;service-title&quot;&gt;exchange offer&lt;\\/div&gt;\r\n&lt;div class=&quot;service-desc&quot;&gt;easy to exchange&lt;\\/div&gt;\r\n&lt;\\/div&gt;\r\n&lt;\\/div&gt;\r\n&lt;\\/div&gt;\r\n&lt;\\/div&gt;"}},"status":"1"}');
INSERT INTO `oc_module` (`module_id`, `name`, `code`, `setting`) VALUES ('76', 'TT-CMS-footer', 'html', '{"name":"TT-CMS-footer","module_description":{"1":{"title":"","description":"&lt;div id=&quot;ttcmsfooter&quot;&gt;\r\n\t    &lt;div class=&quot;ttfooter&quot;&gt;\r\n&lt;p&gt;&lt;img src=&quot;image\\/catalog\\/demo\\/banners\\/footer-logo.png&quot; alt=&quot;footer-logo&quot;&gt;&lt;\\/p&gt;\r\n&lt;div&gt;Claritas processus dynamicus sequitu consution Claritas processus.&lt;\\/div&gt;\r\n&lt;div class=&quot;wallmart_logo_block&quot;&gt;\r\n&lt;ul class=&quot;wallmart-list&quot;&gt;\r\n&lt;li class=&quot;checked&quot;&gt;&lt;a href=&quot;#&quot;&gt; &lt;img alt=&quot;checked&quot; src=&quot;image\\/catalog\\/demo\\/banners\\/hallmarks-checked.png&quot;&gt;&lt;\\/a&gt;&lt;\\/li&gt;\r\n&lt;li class=&quot;pro&quot;&gt;&lt;a href=&quot;#&quot;&gt; &lt;img alt=&quot;pro&quot; src=&quot;image\\/catalog\\/demo\\/banners\\/hallmarks-pro.png&quot;&gt;&lt;\\/a&gt;&lt;\\/li&gt;\r\n&lt;li class=&quot;qualified&quot;&gt;&lt;a href=&quot;#&quot;&gt; &lt;img alt=&quot;qualified&quot; src=&quot;image\\/catalog\\/demo\\/banners\\/hallmarks-qualified.png&quot;&gt;&lt;\\/a&gt;&lt;\\/li&gt;\r\n&lt;\\/ul&gt;\r\n&lt;\\/div&gt;\r\n&lt;\\/div&gt;\r\n&lt;\\/div&gt;"},"2":{"title":"","description":"&lt;div id=&quot;ttcmsfooter&quot;&gt;\r\n\t    &lt;div class=&quot;ttfooter&quot;&gt;\r\n&lt;p&gt;&lt;img src=&quot;image\\/catalog\\/demo\\/banners\\/footer-logo.png&quot; alt=&quot;footer-logo&quot;&gt;&lt;\\/p&gt;\r\n&lt;div&gt;Claritas processus dynamicus sequitu consution Claritas processus.&lt;\\/div&gt;\r\n&lt;div class=&quot;wallmart_logo_block&quot;&gt;\r\n&lt;ul class=&quot;wallmart-list&quot;&gt;\r\n&lt;li class=&quot;checked&quot;&gt;&lt;a href=&quot;#&quot;&gt; &lt;img alt=&quot;checked&quot; src=&quot;image\\/catalog\\/demo\\/banners\\/hallmarks-checked.png&quot;&gt;&lt;\\/a&gt;&lt;\\/li&gt;\r\n&lt;li class=&quot;pro&quot;&gt;&lt;a href=&quot;#&quot;&gt; &lt;img alt=&quot;pro&quot; src=&quot;image\\/catalog\\/demo\\/banners\\/hallmarks-pro.png&quot;&gt;&lt;\\/a&gt;&lt;\\/li&gt;\r\n&lt;li class=&quot;qualified&quot;&gt;&lt;a href=&quot;#&quot;&gt; &lt;img alt=&quot;qualified&quot; src=&quot;image\\/catalog\\/demo\\/banners\\/hallmarks-qualified.png&quot;&gt;&lt;\\/a&gt;&lt;\\/li&gt;\r\n&lt;\\/ul&gt;\r\n&lt;\\/div&gt;\r\n&lt;\\/div&gt;\r\n&lt;\\/div&gt;"}},"status":"1"}');
INSERT INTO `oc_module` (`module_id`, `name`, `code`, `setting`) VALUES ('80', 'TT-Category-tab', 'tt_category_tab', '{"name":"TT-Category-tab","category_name":"","category":["65","68","66"],"limit":"20","width":"242","height":"315","status":"1"}');
INSERT INTO `oc_module` (`module_id`, `name`, `code`, `setting`) VALUES ('81', 'Special-Countdown', 'tt_special_countdown', '{"name":"Special-Countdown","limit":"5","width":"307","height":"399","status":"1"}');
INSERT INTO `oc_module` (`module_id`, `name`, `code`, `setting`) VALUES ('105', 'TT-CMS-Topbanner', 'html', '{"name":"TT-CMS-Topbanner","module_description":{"1":{"title":"","description":"&lt;div id=&quot;ttcmstopbanner&quot; class=&quot;col-sm-3&quot;&gt;\r\n\t  &lt;div class=&quot;ttcmstopbanner&quot;&gt;\r\n&lt;div class=&quot;ttcmstopbanner-img ttbanner&quot;&gt;&lt;a href=&quot;#&quot;&gt;&lt;img alt=&quot;topbanner-01.jpg&quot; src=&quot;image\\/catalog\\/demo\\/banners\\/topbanner-01.jpg&quot;&gt;&lt;\\/a&gt;&lt;\\/div&gt;\r\n&lt;\\/div&gt;\r\n\t&lt;\\/div&gt;"},"2":{"title":"","description":"&lt;div id=&quot;ttcmstopbanner&quot; class=&quot;col-sm-3&quot;&gt;\r\n\t  &lt;div class=&quot;ttcmstopbanner&quot;&gt;\r\n&lt;div class=&quot;ttcmstopbanner-img ttbanner&quot;&gt;&lt;a href=&quot;#&quot;&gt;&lt;img alt=&quot;topbanner-01.jpg&quot; src=&quot;image\\/catalog\\/demo\\/banners\\/topbanner-01.jpg&quot;&gt;&lt;\\/a&gt;&lt;\\/div&gt;\r\n&lt;\\/div&gt;\r\n\t&lt;\\/div&gt;"}},"status":"1"}');
INSERT INTO `oc_module` (`module_id`, `name`, `code`, `setting`) VALUES ('94', 'TT-Popup-Newslatter', 'ttnewslettersubscribe', '{"name":"TT-Popup-Newslatter","popup":"1","status":"1","newslettersubscribe_unsubscribe":"1","newslettersubscribe_mail_status":"1","newslettersubscribe_thickbox":"1","newslettersubscribe_registered":"1","store_id":"0","to":"sendall","customer_group_id":"1","customers":"","affiliates":"","products":"","subject":"","message":""}');
INSERT INTO `oc_module` (`module_id`, `name`, `code`, `setting`) VALUES ('86', 'TT-CMS-Banner', 'html', '{"name":"TT-CMS-Banner","module_description":{"1":{"title":"","description":"&lt;div id=&quot;ttcmsbanner&quot;&gt;\r\n\t  &lt;div class=&quot;ttcmsbanner&quot;&gt;\r\n&lt;div class=&quot;row&quot;&gt;\r\n&lt;div class=&quot;ttbanner-img1 ttbanner col-sm-6 col-xs-12&quot;&gt;&lt;a href=&quot;#&quot;&gt;&lt;img alt=&quot;banner-01&quot; src=&quot;image\\/catalog\\/demo\\/banners\\/banner-01.jpg&quot;&gt;&lt;\\/a&gt;&lt;\\/div&gt;\r\n&lt;div class=&quot;ttbanner-img2 ttbanner col-sm-6 col-xs-12&quot;&gt;&lt;a href=&quot;#&quot;&gt;&lt;img alt=&quot;banner-02&quot; src=&quot;image\\/catalog\\/demo\\/banners\\/banner-02.jpg&quot;&gt;&lt;\\/a&gt;&lt;\\/div&gt;\r\n&lt;\\/div&gt;\r\n&lt;\\/div&gt;\r\n\t&lt;\\/div&gt;"},"2":{"title":"","description":"&lt;div id=&quot;ttcmsbanner&quot;&gt;\r\n\t  &lt;div class=&quot;ttcmsbanner&quot;&gt;\r\n&lt;div class=&quot;row&quot;&gt;\r\n&lt;div class=&quot;ttbanner-img1 ttbanner col-sm-6 col-xs-12&quot;&gt;&lt;a href=&quot;#&quot;&gt;&lt;img alt=&quot;banner-01&quot; src=&quot;image\\/catalog\\/demo\\/banners\\/banner-01.jpg&quot;&gt;&lt;\\/a&gt;&lt;\\/div&gt;\r\n&lt;div class=&quot;ttbanner-img2 ttbanner col-sm-6 col-xs-12&quot;&gt;&lt;a href=&quot;#&quot;&gt;&lt;img alt=&quot;banner-02&quot; src=&quot;image\\/catalog\\/demo\\/banners\\/banner-02.jpg&quot;&gt;&lt;\\/a&gt;&lt;\\/div&gt;\r\n&lt;\\/div&gt;\r\n&lt;\\/div&gt;\r\n\t&lt;\\/div&gt;"}},"status":"1"}');
INSERT INTO `oc_module` (`module_id`, `name`, `code`, `setting`) VALUES ('95', 'TT-CMS-Bottom-Banner', 'html', '{"name":"TT-CMS-Bottom-Banner","module_description":{"1":{"title":"","description":"&lt;div id=&quot;ttcmsbottombanner&quot;&gt;\r\n\t  &lt;div class=&quot;ttcmsbottombanner&quot;&gt;\r\n&lt;div class=&quot;row&quot;&gt;\r\n&lt;div class=&quot;ttbanner-img1 ttbanner col-sm-6 col-xs-12&quot;&gt;&lt;a href=&quot;#&quot;&gt;&lt;img alt=&quot;bottombanner-01&quot; src=&quot;image\\/catalog\\/demo\\/banners\\/bottombanner-01.jpg&quot;&gt;&lt;\\/a&gt;&lt;\\/div&gt;\r\n&lt;div class=&quot;ttbanner-img2 ttbanner col-sm-6 col-xs-12&quot;&gt;&lt;a href=&quot;#&quot;&gt;&lt;img alt=&quot;bottombanner-02&quot; src=&quot;image\\/catalog\\/demo\\/banners\\/bottombanner-02.jpg&quot;&gt;&lt;\\/a&gt;&lt;\\/div&gt;\r\n&lt;\\/div&gt;\r\n&lt;\\/div&gt;\r\n\t&lt;\\/div&gt;"},"2":{"title":"","description":"&lt;div id=&quot;ttcmsbottombanner&quot;&gt;\r\n\t  &lt;div class=&quot;ttcmsbottombanner&quot;&gt;\r\n&lt;div class=&quot;row&quot;&gt;\r\n&lt;div class=&quot;ttbanner-img1 ttbanner col-sm-6 col-xs-12&quot;&gt;&lt;a href=&quot;#&quot;&gt;&lt;img alt=&quot;bottombanner-01&quot; src=&quot;image\\/catalog\\/demo\\/banners\\/bottombanner-01.jpg&quot;&gt;&lt;\\/a&gt;&lt;\\/div&gt;\r\n&lt;div class=&quot;ttbanner-img2 ttbanner col-sm-6 col-xs-12&quot;&gt;&lt;a href=&quot;#&quot;&gt;&lt;img alt=&quot;bottombanner-02&quot; src=&quot;image\\/catalog\\/demo\\/banners\\/bottombanner-02.jpg&quot;&gt;&lt;\\/a&gt;&lt;\\/div&gt;\r\n&lt;\\/div&gt;\r\n&lt;\\/div&gt;\r\n\t&lt;\\/div&gt;"}},"status":"1"}');
INSERT INTO `oc_module` (`module_id`, `name`, `code`, `setting`) VALUES ('98', 'Left-Bestseller', 'bestseller', '{"name":"Left-Bestseller","limit":"10","width":"307","height":"399","status":"1"}');
INSERT INTO `oc_module` (`module_id`, `name`, `code`, `setting`) VALUES ('99', 'special products', 'special', '{"name":"special products","limit":"6","width":"242","height":"315","status":"1"}');
INSERT INTO `oc_module` (`module_id`, `name`, `code`, `setting`) VALUES ('103', 'TT-CMS-Testimonial', 'html', '{"name":"TT-CMS-Testimonial","module_description":{"1":{"title":"","description":"&lt;div id=&quot;ttcmstestimonial&quot;&gt;\r\n&lt;div class=&quot;tttestimonial&quot;&gt;\r\n&lt;h3 class=&quot;title_block&quot;&gt;Testimonials&lt;\\/h3&gt;\r\n&lt;div class=&quot;tttestimonial-content&quot;&gt;\r\n&lt;div class=&quot;tttestimonial-inner&quot;&gt;\r\n&lt;ul id=&quot;tttestimonial-carousel&quot; class=&quot;tt-carousel&quot;&gt;\r\n&lt;li&gt;\r\n&lt;div class=&quot;testimonial-image&quot;&gt;&lt;img alt=&quot;&quot; src=&quot;image\\/catalog\\/demo\\/banners\\/user1.jpg&quot;&gt;&lt;\\/div&gt;\r\n&lt;div class=&quot;testimonial-user-title&quot;&gt;\r\n&lt;h4&gt;John Duff&lt;\\/h4&gt;\r\n&lt;span class=&quot;tttestimonial-subtitle&quot;&gt;Producer&lt;\\/span&gt;\r\n&lt;\\/div&gt;\r\n&lt;div class=&quot;testimonial-desc&quot;&gt;\r\n&lt;p&gt;&quot;Duis faucibus enim vitae nunc molestie, nec facilisis arcu pulvinar nullam mattis..&quot;&lt;\\/p&gt;\r\n&lt;\\/div&gt;\r\n&lt;\\/li&gt;\r\n&lt;li&gt;\r\n&lt;div class=&quot;testimonial-image&quot;&gt;&lt;img alt=&quot;&quot; src=&quot;image\\/catalog\\/demo\\/banners\\/user2.jpg&quot;&gt;&lt;\\/div&gt;\r\n&lt;div class=&quot;testimonial-user-title&quot;&gt;\r\n&lt;h4&gt;John Duff&lt;\\/h4&gt;\r\n&lt;span class=&quot;tttestimonial-subtitle&quot;&gt;web designer&lt;\\/span&gt;\r\n&lt;\\/div&gt;\r\n&lt;div class=&quot;testimonial-desc&quot;&gt;\r\n&lt;p&gt;&quot;Duis faucibus enim vitae nunc molestie, nec facilisis arcu pulvinar nullam mattis..&quot;&lt;\\/p&gt;\r\n&lt;\\/div&gt;\r\n&lt;\\/li&gt;\r\n&lt;li&gt;\r\n&lt;div class=&quot;testimonial-image&quot;&gt;&lt;img alt=&quot;&quot; src=&quot;image\\/catalog\\/demo\\/banners\\/user3.jpg&quot;&gt;&lt;\\/div&gt;\r\n&lt;div class=&quot;testimonial-user-title&quot;&gt;\r\n&lt;h4&gt;John Duff&lt;\\/h4&gt;\r\n&lt;span class=&quot;tttestimonial-subtitle&quot;&gt;web developer&lt;\\/span&gt;\r\n&lt;\\/div&gt;\r\n&lt;div class=&quot;testimonial-desc&quot;&gt;\r\n&lt;p&gt;&quot;Duis faucibus enim vitae nunc molestie, nec facilisis arcu pulvinar nullam mattis..&quot;&lt;\\/p&gt;\r\n&lt;\\/div&gt;\r\n&lt;\\/li&gt;\r\n&lt;\\/ul&gt;\r\n&lt;\\/div&gt;\r\n&lt;\\/div&gt;\r\n&lt;\\/div&gt;\t\r\n&lt;\\/div&gt;"},"2":{"title":"","description":"&lt;div id=&quot;ttcmstestimonial&quot;&gt;\r\n&lt;div class=&quot;tttestimonial&quot;&gt;\r\n&lt;h3 class=&quot;title_block&quot;&gt;Testimonials&lt;\\/h3&gt;\r\n&lt;div class=&quot;tttestimonial-content&quot;&gt;\r\n&lt;div class=&quot;tttestimonial-inner&quot;&gt;\r\n&lt;ul id=&quot;tttestimonial-carousel&quot; class=&quot;tt-carousel&quot;&gt;\r\n&lt;li&gt;\r\n&lt;div class=&quot;testimonial-image&quot;&gt;&lt;img alt=&quot;&quot; src=&quot;image\\/catalog\\/demo\\/banners\\/user1.jpg&quot;&gt;&lt;\\/div&gt;\r\n&lt;div class=&quot;testimonial-user-title&quot;&gt;\r\n&lt;h4&gt;John Duff&lt;\\/h4&gt;\r\n&lt;span class=&quot;tttestimonial-subtitle&quot;&gt;Producer&lt;\\/span&gt;\r\n&lt;\\/div&gt;\r\n&lt;div class=&quot;testimonial-desc&quot;&gt;\r\n&lt;p&gt;&quot;Duis faucibus enim vitae nunc molestie, nec facilisis arcu pulvinar nullam mattis..&quot;&lt;\\/p&gt;\r\n&lt;\\/div&gt;\r\n&lt;\\/li&gt;\r\n&lt;li&gt;\r\n&lt;div class=&quot;testimonial-image&quot;&gt;&lt;img alt=&quot;&quot; src=&quot;image\\/catalog\\/demo\\/banners\\/user2.jpg&quot;&gt;&lt;\\/div&gt;\r\n&lt;div class=&quot;testimonial-user-title&quot;&gt;\r\n&lt;h4&gt;John Duff&lt;\\/h4&gt;\r\n&lt;span class=&quot;tttestimonial-subtitle&quot;&gt;web designer&lt;\\/span&gt;\r\n&lt;\\/div&gt;\r\n&lt;div class=&quot;testimonial-desc&quot;&gt;\r\n&lt;p&gt;&quot;Duis faucibus enim vitae nunc molestie, nec facilisis arcu pulvinar nullam mattis..&quot;&lt;\\/p&gt;\r\n&lt;\\/div&gt;\r\n&lt;\\/li&gt;\r\n&lt;li&gt;\r\n&lt;div class=&quot;testimonial-image&quot;&gt;&lt;img alt=&quot;&quot; src=&quot;image\\/catalog\\/demo\\/banners\\/user3.jpg&quot;&gt;&lt;\\/div&gt;\r\n&lt;div class=&quot;testimonial-user-title&quot;&gt;\r\n&lt;h4&gt;John Duff&lt;\\/h4&gt;\r\n&lt;span class=&quot;tttestimonial-subtitle&quot;&gt;web developer&lt;\\/span&gt;\r\n&lt;\\/div&gt;\r\n&lt;div class=&quot;testimonial-desc&quot;&gt;\r\n&lt;p&gt;&quot;Duis faucibus enim vitae nunc molestie, nec facilisis arcu pulvinar nullam mattis..&quot;&lt;\\/p&gt;\r\n&lt;\\/div&gt;\r\n&lt;\\/li&gt;\r\n&lt;\\/ul&gt;\r\n&lt;\\/div&gt;\r\n&lt;\\/div&gt;\r\n&lt;\\/div&gt;\t\r\n&lt;\\/div&gt;"}},"status":"1"}');
INSERT INTO `oc_module` (`module_id`, `name`, `code`, `setting`) VALUES ('104', 'TT-category-Feature', 'tt_category_feature', '{"name":"TT-category-Feature","category":["20","89","85","26","25","65","66","67","68","69","70","71","84","72","73","74"],"limit":"3","width":"288","height":"410","status":"1"}');


TRUNCATE TABLE `oc_product_filter`;

INSERT INTO `oc_product_filter` (`product_id`, `filter_id`) VALUES ('30', '1');
INSERT INTO `oc_product_filter` (`product_id`, `filter_id`) VALUES ('30', '2');
INSERT INTO `oc_product_filter` (`product_id`, `filter_id`) VALUES ('30', '3');
INSERT INTO `oc_product_filter` (`product_id`, `filter_id`) VALUES ('30', '4');
INSERT INTO `oc_product_filter` (`product_id`, `filter_id`) VALUES ('30', '5');
INSERT INTO `oc_product_filter` (`product_id`, `filter_id`) VALUES ('30', '7');
INSERT INTO `oc_product_filter` (`product_id`, `filter_id`) VALUES ('30', '9');
INSERT INTO `oc_product_filter` (`product_id`, `filter_id`) VALUES ('32', '1');
INSERT INTO `oc_product_filter` (`product_id`, `filter_id`) VALUES ('32', '2');
INSERT INTO `oc_product_filter` (`product_id`, `filter_id`) VALUES ('32', '3');
INSERT INTO `oc_product_filter` (`product_id`, `filter_id`) VALUES ('32', '4');
INSERT INTO `oc_product_filter` (`product_id`, `filter_id`) VALUES ('32', '5');
INSERT INTO `oc_product_filter` (`product_id`, `filter_id`) VALUES ('32', '7');
INSERT INTO `oc_product_filter` (`product_id`, `filter_id`) VALUES ('32', '9');
INSERT INTO `oc_product_filter` (`product_id`, `filter_id`) VALUES ('36', '1');
INSERT INTO `oc_product_filter` (`product_id`, `filter_id`) VALUES ('36', '2');
INSERT INTO `oc_product_filter` (`product_id`, `filter_id`) VALUES ('36', '3');
INSERT INTO `oc_product_filter` (`product_id`, `filter_id`) VALUES ('36', '4');
INSERT INTO `oc_product_filter` (`product_id`, `filter_id`) VALUES ('36', '5');
INSERT INTO `oc_product_filter` (`product_id`, `filter_id`) VALUES ('36', '7');
INSERT INTO `oc_product_filter` (`product_id`, `filter_id`) VALUES ('36', '9');
INSERT INTO `oc_product_filter` (`product_id`, `filter_id`) VALUES ('42', '1');
INSERT INTO `oc_product_filter` (`product_id`, `filter_id`) VALUES ('42', '2');
INSERT INTO `oc_product_filter` (`product_id`, `filter_id`) VALUES ('42', '3');
INSERT INTO `oc_product_filter` (`product_id`, `filter_id`) VALUES ('42', '4');
INSERT INTO `oc_product_filter` (`product_id`, `filter_id`) VALUES ('42', '5');
INSERT INTO `oc_product_filter` (`product_id`, `filter_id`) VALUES ('42', '7');
INSERT INTO `oc_product_filter` (`product_id`, `filter_id`) VALUES ('42', '9');
INSERT INTO `oc_product_filter` (`product_id`, `filter_id`) VALUES ('47', '1');
INSERT INTO `oc_product_filter` (`product_id`, `filter_id`) VALUES ('47', '2');
INSERT INTO `oc_product_filter` (`product_id`, `filter_id`) VALUES ('47', '3');
INSERT INTO `oc_product_filter` (`product_id`, `filter_id`) VALUES ('47', '4');
INSERT INTO `oc_product_filter` (`product_id`, `filter_id`) VALUES ('47', '5');
INSERT INTO `oc_product_filter` (`product_id`, `filter_id`) VALUES ('47', '7');
INSERT INTO `oc_product_filter` (`product_id`, `filter_id`) VALUES ('47', '9');


TRUNCATE TABLE `oc_product_to_category`;

INSERT INTO `oc_product_to_category` (`product_id`, `category_id`) VALUES ('28', '20');
INSERT INTO `oc_product_to_category` (`product_id`, `category_id`) VALUES ('28', '25');
INSERT INTO `oc_product_to_category` (`product_id`, `category_id`) VALUES ('28', '27');
INSERT INTO `oc_product_to_category` (`product_id`, `category_id`) VALUES ('28', '65');
INSERT INTO `oc_product_to_category` (`product_id`, `category_id`) VALUES ('28', '68');
INSERT INTO `oc_product_to_category` (`product_id`, `category_id`) VALUES ('28', '71');
INSERT INTO `oc_product_to_category` (`product_id`, `category_id`) VALUES ('29', '20');
INSERT INTO `oc_product_to_category` (`product_id`, `category_id`) VALUES ('29', '65');
INSERT INTO `oc_product_to_category` (`product_id`, `category_id`) VALUES ('29', '66');
INSERT INTO `oc_product_to_category` (`product_id`, `category_id`) VALUES ('29', '74');
INSERT INTO `oc_product_to_category` (`product_id`, `category_id`) VALUES ('30', '20');
INSERT INTO `oc_product_to_category` (`product_id`, `category_id`) VALUES ('30', '25');
INSERT INTO `oc_product_to_category` (`product_id`, `category_id`) VALUES ('30', '65');
INSERT INTO `oc_product_to_category` (`product_id`, `category_id`) VALUES ('30', '66');
INSERT INTO `oc_product_to_category` (`product_id`, `category_id`) VALUES ('30', '68');
INSERT INTO `oc_product_to_category` (`product_id`, `category_id`) VALUES ('30', '74');
INSERT INTO `oc_product_to_category` (`product_id`, `category_id`) VALUES ('31', '65');
INSERT INTO `oc_product_to_category` (`product_id`, `category_id`) VALUES ('31', '66');
INSERT INTO `oc_product_to_category` (`product_id`, `category_id`) VALUES ('32', '20');
INSERT INTO `oc_product_to_category` (`product_id`, `category_id`) VALUES ('32', '25');
INSERT INTO `oc_product_to_category` (`product_id`, `category_id`) VALUES ('32', '65');
INSERT INTO `oc_product_to_category` (`product_id`, `category_id`) VALUES ('32', '68');
INSERT INTO `oc_product_to_category` (`product_id`, `category_id`) VALUES ('32', '70');
INSERT INTO `oc_product_to_category` (`product_id`, `category_id`) VALUES ('33', '20');
INSERT INTO `oc_product_to_category` (`product_id`, `category_id`) VALUES ('33', '28');
INSERT INTO `oc_product_to_category` (`product_id`, `category_id`) VALUES ('33', '65');
INSERT INTO `oc_product_to_category` (`product_id`, `category_id`) VALUES ('33', '66');
INSERT INTO `oc_product_to_category` (`product_id`, `category_id`) VALUES ('34', '25');
INSERT INTO `oc_product_to_category` (`product_id`, `category_id`) VALUES ('34', '65');
INSERT INTO `oc_product_to_category` (`product_id`, `category_id`) VALUES ('34', '66');
INSERT INTO `oc_product_to_category` (`product_id`, `category_id`) VALUES ('34', '68');
INSERT INTO `oc_product_to_category` (`product_id`, `category_id`) VALUES ('35', '20');
INSERT INTO `oc_product_to_category` (`product_id`, `category_id`) VALUES ('35', '65');
INSERT INTO `oc_product_to_category` (`product_id`, `category_id`) VALUES ('35', '66');
INSERT INTO `oc_product_to_category` (`product_id`, `category_id`) VALUES ('36', '25');
INSERT INTO `oc_product_to_category` (`product_id`, `category_id`) VALUES ('36', '65');
INSERT INTO `oc_product_to_category` (`product_id`, `category_id`) VALUES ('36', '66');
INSERT INTO `oc_product_to_category` (`product_id`, `category_id`) VALUES ('36', '68');
INSERT INTO `oc_product_to_category` (`product_id`, `category_id`) VALUES ('40', '20');
INSERT INTO `oc_product_to_category` (`product_id`, `category_id`) VALUES ('41', '20');
INSERT INTO `oc_product_to_category` (`product_id`, `category_id`) VALUES ('41', '25');
INSERT INTO `oc_product_to_category` (`product_id`, `category_id`) VALUES ('41', '27');
INSERT INTO `oc_product_to_category` (`product_id`, `category_id`) VALUES ('41', '65');
INSERT INTO `oc_product_to_category` (`product_id`, `category_id`) VALUES ('41', '66');
INSERT INTO `oc_product_to_category` (`product_id`, `category_id`) VALUES ('41', '68');
INSERT INTO `oc_product_to_category` (`product_id`, `category_id`) VALUES ('42', '20');
INSERT INTO `oc_product_to_category` (`product_id`, `category_id`) VALUES ('42', '25');
INSERT INTO `oc_product_to_category` (`product_id`, `category_id`) VALUES ('42', '28');
INSERT INTO `oc_product_to_category` (`product_id`, `category_id`) VALUES ('42', '65');
INSERT INTO `oc_product_to_category` (`product_id`, `category_id`) VALUES ('42', '66');
INSERT INTO `oc_product_to_category` (`product_id`, `category_id`) VALUES ('42', '68');
INSERT INTO `oc_product_to_category` (`product_id`, `category_id`) VALUES ('43', '20');
INSERT INTO `oc_product_to_category` (`product_id`, `category_id`) VALUES ('43', '25');
INSERT INTO `oc_product_to_category` (`product_id`, `category_id`) VALUES ('43', '65');
INSERT INTO `oc_product_to_category` (`product_id`, `category_id`) VALUES ('43', '66');
INSERT INTO `oc_product_to_category` (`product_id`, `category_id`) VALUES ('43', '68');
INSERT INTO `oc_product_to_category` (`product_id`, `category_id`) VALUES ('44', '20');
INSERT INTO `oc_product_to_category` (`product_id`, `category_id`) VALUES ('44', '71');
INSERT INTO `oc_product_to_category` (`product_id`, `category_id`) VALUES ('44', '72');
INSERT INTO `oc_product_to_category` (`product_id`, `category_id`) VALUES ('44', '73');
INSERT INTO `oc_product_to_category` (`product_id`, `category_id`) VALUES ('45', '29');
INSERT INTO `oc_product_to_category` (`product_id`, `category_id`) VALUES ('45', '66');
INSERT INTO `oc_product_to_category` (`product_id`, `category_id`) VALUES ('46', '20');
INSERT INTO `oc_product_to_category` (`product_id`, `category_id`) VALUES ('47', '20');
INSERT INTO `oc_product_to_category` (`product_id`, `category_id`) VALUES ('47', '25');
INSERT INTO `oc_product_to_category` (`product_id`, `category_id`) VALUES ('47', '65');
INSERT INTO `oc_product_to_category` (`product_id`, `category_id`) VALUES ('47', '66');
INSERT INTO `oc_product_to_category` (`product_id`, `category_id`) VALUES ('47', '68');
INSERT INTO `oc_product_to_category` (`product_id`, `category_id`) VALUES ('47', '74');
INSERT INTO `oc_product_to_category` (`product_id`, `category_id`) VALUES ('48', '20');
INSERT INTO `oc_product_to_category` (`product_id`, `category_id`) VALUES ('49', '65');
INSERT INTO `oc_product_to_category` (`product_id`, `category_id`) VALUES ('49', '66');


